Symbol,Company Name
AAIT,iShares MSCI All Country Asia Information Technology Index Fund
AAL,"American Airlines Group, Inc."
AAME,Atlantic American Corporation
AAOI,"Applied Optoelectronics, Inc."
AAON,"AAON, Inc."
AAPL,Apple Inc.
AAVL,"Avalanche Biotechnologies, Inc."
AAWW,Atlas Air Worldwide Holdings
AAXJ,iShares MSCI All Country Asia ex Japan Index Fund
ABAC,"Aoxin Tianli Group, Inc."
ABAX,"ABAXIS, Inc."
ABCB,Ameris Bancorp
ABCD,"Cambium Learning Group, Inc."
ABCO,The Advisory Board Company
ABCW,Anchor BanCorp Wisconsin Inc.
ABDC,Alcentra Capital Corp.
ABGB,"Abengoa, S.A."
ABIO,"ARCA biopharma, Inc."
ABMD,"ABIOMED, Inc."
ABTL,Autobytel Inc.
ABY,Abengoa Yield plc
ACAD,ACADIA Pharmaceuticals Inc.
ACAS,"American Capital, Ltd."
ACAT,Arctic Cat Inc.
ACET,Aceto Corporation
ACFC,Atlantic Coast Financial Corporation
ACFN,"Acorn Energy, Inc."
ACGL,Arch Capital Group Ltd.
ACHC,"Acadia Healthcare Company, Inc."
ACHN,"Achillion Pharmaceuticals, Inc."
ACIW,"ACI Worldwide, Inc."
ACLS,"Axcelis Technologies, Inc."
ACNB,ACNB Corporation
ACOR,"Acorda Therapeutics, Inc."
ACPW,"Active Power, Inc."
ACRX,"AcelRx Pharmaceuticals, Inc."
ACSF,"American Capital Senior Floating, Ltd."
ACST,"Acasti Pharma, Inc."
ACTA,Actua Corporation
ACTG,Acacia Research Corporation
ACTS,"Actions Semiconductor Co., Ltd."
ACUR,"Acura Pharmaceuticals, Inc."
ACWI,iShares MSCI ACWI Index Fund
ACWX,iShares MSCI ACWI ex US Index Fund
ACXM,Acxiom Corporation
ADAT,Authentidate Holding Corp.
ADBE,Adobe Systems Incorporated
ADEP,"Adept Technology, Inc."
ADES,"Advanced Emissions Solutions, Inc."
ADHD,Alcobra Ltd.
ADI,"Analog Devices, Inc."
ADMA,ADMA Biologics Inc
ADMP,Adamis Pharmaceuticals Corporation
ADMS,"Adamas Pharmaceuticals, Inc."
ADNC,"Audience, Inc."
ADP,"Automatic Data Processing, Inc."
ADRA,BLDRS Asia 50 ADR Index Fund
ADRD,BLDRS Developed Markets 100 ADR Index Fund
ADRE,BLDRS Emerging Markets 50 ADR Index Fund
ADRU,BLDRS Europe 100 ADR Index Fund
ADSK,"Autodesk, Inc."
ADTN,"ADTRAN, Inc."
ADUS,Addus HomeCare Corporation
ADVS,"Advent Software, Inc."
ADXS,"Advaxis, Inc."
ADXSW,"Advaxis, Inc."
AEGN,Aegion Corp
AEGR,"Aegerion Pharmaceuticals, Inc."
AEHR,Aehr Test Systems
AEIS,"Advanced Energy Industries, Inc."
AEPI,AEP Industries Inc.
AERI,"Aerie Pharmaceuticals, Inc."
AETI,"American Electric Technologies, Inc."
AEY,"ADDvantage Technologies Group, Inc."
AEZS,AEterna Zentaris Inc.
AFAM,Almost Family Inc
AFCB,Athens Bancshares Corporation
AFFX,"Affymetrix, Inc."
AFH,"Atlas Financial Holdings, Inc."
AFMD,Affimed N.V.
AFOP,"Alliance Fiber Optic Products, Inc."
AFSI,"AmTrust Financial Services, Inc."
AGEN,Agenus Inc.
AGII,"Argo Group International Holdings, Ltd."
AGIIL,"Argo Group International Holdings, Ltd."
AGIO,"Agios Pharmaceuticals, Inc."
AGNC,American Capital Agency Corp.
AGNCB,American Capital Agency Corp.
AGNCP,American Capital Agency Corp.
AGND,WisdomTree Barclays U.S. Aggregate Bond Negative Duration Fund
AGRX,"Agile Therapeutics, Inc."
AGTC,Applied Genetic Technologies Corporation
AGYS,"Agilysys, Inc."
AGZD,WisdomTree Barclays U.S. Aggregate Bond Zero Duration Fund
AHGP,"Alliance Holdings GP, L.P."
AHPI,"Allied Healthcare Products, Inc."
AIMC,Altra Industrial Motion Corp.
AINV,Apollo Investment Corporation
AIQ,"Alliance HealthCare Services, Inc."
AIRM,Air Methods Corporation
AIRR,First Trust RBA American Industrial Renaissance ETF
AIRT,"Air T, Inc."
AIXG,Aixtron SE
AKAM,"Akamai Technologies, Inc."
AKAO,"Achaogen, Inc."
AKBA,"Akebia Therapeutics, Inc."
AKER,Akers Biosciences Inc
AKRX,"Akorn, Inc."
ALCO,"Alico, Inc."
ALDR,"Alder BioPharmaceuticals, Inc."
ALDX,"Aldeyra Therapeutics, Inc."
ALGN,"Align Technology, Inc."
ALGT,Allegiant Travel Company
ALIM,"Alimera Sciences, Inc."
ALKS,Alkermes plc
ALLB,"Alliance Bancorp, Inc. of Pennsylvania"
ALLT,Allot Communications Ltd.
ALNY,"Alnylam Pharmaceuticals, Inc."
ALOG,Analogic Corporation
ALOT,Astro
ALQA,"Alliqua, Inc."
ALSK,"Alaska Communications Systems Group, Inc."
ALTR,Altera Corporation
ALXA,"Alexza Pharmaceuticals, Inc."
ALXN,"Alexion Pharmaceuticals, Inc."
AMAG,"AMAG Pharmaceuticals, Inc."
AMAT,"Applied Materials, Inc."
AMBA,"Ambarella, Inc."
AMBC,"Ambac Financial Group, Inc."
AMBCW,"Ambac Financial Group, Inc."
AMCC,Applied Micro Circuits Corporation
AMCF,Andatee China Marine Fuel Services Corporation
AMCN,AirMedia Group Inc
AMCX,AMC Networks Inc.
AMD,"Advanced Micro Devices, Inc."
AMDA,Amedica Corporation
AMED,Amedisys Inc
AMGN,Amgen Inc.
AMIC,American Independence Corp.
AMKR,"Amkor Technology, Inc."
AMNB,"American National Bankshares, Inc."
AMOT,"Allied Motion Technologies, Inc."
AMOV,"America Movil, S.A.B. de C.V."
AMPH,"Amphastar Pharmaceuticals, Inc."
AMRB,American River Bankshares
AMRI,"Albany Molecular Research, Inc."
AMRK,A
AMRN,Amarin Corporation plc
AMRS,"Amyris, Inc."
AMSC,American Superconductor Corporation
AMSF,"AMERISAFE, Inc."
AMSG,Amsurg Corp.
AMSGP,Amsurg Corp.
AMSWA,"American Software, Inc."
AMTX,"Aemetis, Inc"
AMWD,American Woodmark Corporation
AMZN,"Amazon.com, Inc."
ANAC,"Anacor Pharmaceuticals, Inc."
ANAD,"ANADIGICS, Inc."
ANAT,American National Insurance Company
ANCB,Anchor Bancorp
ANCI,American Caresource Holdings Inc
ANCX,Access National Corporation
ANDE,"The Andersons, Inc."
ANGI,"Angie's List, Inc."
ANGO,"AngioDynamics, Inc."
ANIK,Anika Therapeutics Inc.
ANIP,"ANI Pharmaceuticals, Inc."
ANSS,"ANSYS, Inc."
ANTH,"Anthera Pharmaceuticals, Inc."
ANY,Sphere 3D Corp
AOSL,Alpha and Omega Semiconductor Limited
APAGF,Apco Oil and Gas International Inc.
APDN,Applied DNA Sciences Inc
APDNW,Applied DNA Sciences Inc
APEI,"American Public Education, Inc."
APOG,"Apogee Enterprises, Inc."
APOL,"Apollo Education Group, Inc."
APPY,"Venaxis, Inc."
APRI,"Apricus Biosciences, Inc"
APSA,Alto Palermo S.A.
APTO,"Aptose Biosciences, Inc."
APWC,Asia Pacific Wire & Cable Corporation Limited
AQXP,"Aquinox Pharmaceuticals, Inc."
ARAY,Accuray Incorporated
ARCB,ArcBest Corporation
ARCC,Ares Capital Corporation
ARCI,"Appliance Recycling Centers of America, Inc."
ARCP,"American Realty Capital Properties, Inc."
ARCPP,"American Realty Capital Properties, Inc."
ARCW,"ARC Group Worldwide, Inc."
ARDM,Aradigm Corporation
ARDX,"Ardelyx, Inc."
AREX,Approach Resources Inc.
ARGS,"Argos Therapeutics, Inc."
ARIA,"ARIAD Pharmaceuticals, Inc."
ARII,"American Railcar Industries, Inc."
ARIS,"ARI Network Services, Inc."
ARKR,Ark Restaurants Corp.
ARLP,"Alliance Resource Partners, L.P."
ARMH,ARM Holdings plc
ARNA,"Arena Pharmaceuticals, Inc."
AROW,Arrow Financial Corporation
ARQL,"ArQule, Inc."
ARRS,"ARRIS Group, Inc."
ARRY,Array BioPharma Inc.
ARTNA,Artesian Resources Corporation
ARTW,Art's
ARTX,Arotech Corporation
ARUN,"Aruba Networks, Inc."
ARWR,Arrowhead Research Corporation
ASBB,"ASB Bancorp, Inc."
ASBI,Ameriana Bancorp
ASCMA,"Ascent Capital Group, Inc."
ASEI,"American Science and Engineering, Inc."
ASFI,"Asta Funding, Inc."
ASMB,"Assembly Biosciences, Inc."
ASMI,ASM International N.V.
ASML,ASML Holding N.V.
ASNA,"Ascena Retail Group, Inc."
ASPS,Altisource Portfolio Solutions S.A.
ASPX,"Auspex Pharmaceuticals, Inc."
ASRV,AmeriServ Financial Inc.
ASRVP,AmeriServ Financial Inc.
ASTC,Astrotech Corporation
ASTE,"Astec Industries, Inc."
ASTI,"Ascent Solar Technologies, Inc."
ASUR,Asure Software Inc
ASYS,"Amtech Systems, Inc."
ATAI,ATA Inc.
ATAX,"America First Multifamily Investors, L.P."
ATEA,"Astea International, Inc."
ATEC,"Alphatec Holdings, Inc."
ATHN,"athenahealth, Inc."
ATHX,"Athersys, Inc."
ATLC,Atlanticus Holdings Corporation
ATLO,Ames National Corporation
ATML,Atmel Corporation
ATNI,Atlantic Tele
ATNY,API Technologies Corp.
ATOS,Atossa Genetics Inc.
ATRA,"Atara Biotherapeutics, Inc."
ATRC,"AtriCure, Inc."
ATRI,ATRION Corporation
ATRM,"ATRM Holdings, Inc."
ATRO,Astronics Corporation
ATRS,"Antares Pharma, Inc."
ATSG,"Air Transport Services Group, Inc"
ATTU,Attunity Ltd.
ATVI,"Activision Blizzard, Inc"
AUBN,"Auburn National Bancorporation, Inc."
AUDC,AudioCodes Ltd.
AUMA,AR Capital Acquisition Corp.
AUMAU,AR Capital Acquisition Corp.
AUMAW,AR Capital Acquisition Corp.
AUPH,Aurinia Pharmaceuticals Inc
AUXL,"Auxilium Pharmaceuticals, Inc."
AVAV,"AeroVironment, Inc."
AVEO,"AVEO Pharmaceuticals, Inc."
AVGO,Avago Technologies Limited
AVHI,"A V Homes, Inc."
AVID,"Avid Technology, Inc."
AVNR,"Avanir Pharmaceuticals, Inc."
AVNW,"Aviat Networks, Inc."
AWAY,"HomeAway, Inc."
AWRE,"Aware, Inc."
AXAS,Abraxas Petroleum Corporation
AXDX,"Accelerate Diagnostics, Inc."
AXGN,"AxoGen, Inc."
AXJS,iShares MSCI All Country Asia ex Japan Small Cap Index Fund
AXPW,"Axion Power International, Inc."
AXPWW,"Axion Power International, Inc."
AXTI,AXT Inc
AZPN,"Aspen Technology, Inc."
BABY,Natus Medical Incorporated
BAGR,"Diversified Restaurant Holdings, Inc."
BAMM,Books
BANF,BancFirst Corporation
BANFP,BancFirst Corporation
BANR,Banner Corporation
BANX,StoneCastle Financial Corp
BASI,"Bioanalytical Systems, Inc."
BBBY,Bed Bath & Beyond Inc.
BBC,BioShares Biotechnology Clinical Trials Fund
BBCN,"BBCN Bancorp, Inc."
BBEP,"BreitBurn Energy Partners, L.P."
BBEPP,"BreitBurn Energy Partners, L.P."
BBGI,"Beasley Broadcast Group, Inc."
BBLU,"Blue Earth, Inc."
BBNK,Bridge Capital Holdings
BBOX,Black Box Corporation
BBP,BioShares Biotechnology Products Fund
BBRG,"Bravo Brio Restaurant Group, Inc."
BBRY,BlackBerry Limited
BBSI,"Barrett Business Services, Inc."
BCBP,"BCB Bancorp, Inc. (NJ)"
BCLI,Brainstorm Cell Therapeutics Inc.
BCOM,B Communications Ltd.
BCOR,"Blucora, Inc."
BCOV,Brightcove Inc.
BCPC,Balchem Corporation
BCRX,"BioCryst Pharmaceuticals, Inc."
BDBD,"Boulder Brands, Inc."
BDCV,"BDCA Venture, Inc."
BDE,"Black Diamond, Inc."
BDGE,"Bridge Bancorp, Inc."
BDMS,"Birner Dental Management Services, Inc."
BDSI,"BioDelivery Sciences International, Inc."
BEAT,"BioTelemetry, Inc."
BEAV,"B/E Aerospace, Inc."
BEBE,"bebe stores, inc."
BECN,"Beacon Roofing Supply, Inc."
BELFA,Bel Fuse Inc.
BELFB,Bel Fuse Inc.
BFIN,BankFinancial Corporation
BGCP,"BGC Partners, Inc."
BGFV,Big 5 Sporting Goods Corporation
BGMD,"BG Medicine, Inc."
BHBK,"Blue Hills Bancorp, Inc."
BIB,ProShares Ultra Nasdaq Biotechnology
BICK,First Trust BICK Index Fund
BIDU,"Baidu, Inc."
BIIB,Biogen Idec Inc.
BIND,"BIND Therapeutics, Inc."
BIOC,"Biocept, Inc."
BIOD,Biodel Inc.
BIOL,"Biolase, Inc."
BIOS,"BioScrip, Inc."
BIRT,Actuate Corporation
BIS,ProShares UltraShort Nasdaq Biotechnology
BJRI,"BJ's Restaurants, Inc."
BKCC,BlackRock Kelso Capital Corporation
BKEP,"Blueknight Energy Partners L.P., L.L.C."
BKEPP,"Blueknight Energy Partners L.P., L.L.C."
BKMU,Bank Mutual Corporation
BKSC,Bank of South Carolina Corp.
BKYF,The Bank of Kentucky Financial Corp.
BLCM,"Bellicum Pharmaceuticals, Inc."
BLDP,"Ballard Power Systems, Inc."
BLDR,"Builders FirstSource, Inc."
BLFS,"BioLife Solutions, Inc."
BLIN,"Bridgeline Digital, Inc."
BLKB,"Blackbaud, Inc."
BLMN,"Bloomin' Brands, Inc."
BLMT,"BSB Bancorp, Inc."
BLRX,BioLineRx Ltd.
BLUE,"bluebird bio, Inc."
BLVD,Boulevard Acquisition Corp.
BLVDU,Boulevard Acquisition Corp.
BLVDW,Boulevard Acquisition Corp.
BMRC,Bank of Marin Bancorp
BMRN,BioMarin Pharmaceutical Inc.
BMTC,Bryn Mawr Bank Corporation
BNCL,"Beneficial Mutual Bancorp, Inc."
BNCN,BNC Bancorp
BNDX,Vanguard Total International Bond ETF
BNFT,"Benefitfocus, Inc."
BNSO,"Bonso Electronics International, Inc."
BOBE,"Bob Evans Farms, Inc."
BOCH,Bank of Commerce Holdings (CA)
BOFI,"BofI Holding, Inc."
BOKF,BOK Financial Corporation
BONA,Bona Film Group Limited
BONT,The Bon
BOOM,Dynamic Materials Corporation
BOSC,B.O.S. Better Online Solutions
BOTA,"Biota Pharmaceuticals, Inc."
BOTJ,"Bank of the James Financial Group, Inc."
BPFH,"Boston Private Financial Holdings, Inc."
BPFHP,"Boston Private Financial Holdings, Inc."
BPFHW,"Boston Private Financial Holdings, Inc."
BPOP,"Popular, Inc."
BPOPM,"Popular, Inc."
BPOPN,"Popular, Inc."
BPTH,Bio
BRCD,"Brocade Communications Systems, Inc."
BRCM,Broadcom Corporation
BRDR,"Borderfree, Inc."
BREW,"Craft Brew Alliance, Inc."
BRID,Bridgford Foods Corporation
BRKL,"Brookline Bancorp, Inc."
BRKR,Bruker Corporation
BRKS,"Brooks Automation, Inc."
BRLI,Bio
BSDM,BSD Medical Corporation
BSET,"Bassett Furniture Industries, Incorporated"
BSF,"Bear State Financial, Inc."
BSFT,"BroadSoft, Inc."
BSPM,"Biostar Pharmaceuticals, Inc."
BSQR,BSQUARE Corporation
BSRR,Sierra Bancorp
BSTC,BioSpecifics Technologies Corp
BTUI,"BTU International, Inc."
BUR,Burcon NutraScience Corp
BUSE,First Busey Corporation
BV,"Bazaarvoice, Inc."
BVA,Cordia Bancorp Inc.
BVSN,"BroadVision, Inc."
BWEN,"Broadwind Energy, Inc."
BWFG,"Bankwell Financial Group, Inc."
BWINA,"Baldwin & Lyons, Inc."
BWINB,"Baldwin & Lyons, Inc."
BWLD,"Buffalo Wild Wings, Inc."
BYBK,"Bay Bancorp, Inc."
BYFC,Broadway Financial Corporation
BYLK,Baylake Corp
CA,CA Inc.
CAAS,"China Automotive Systems, Inc."
CAC,Camden National Corporation
CACB,Cascade Bancorp
CACC,Credit Acceptance Corporation
CACG,Chart Acquisition Corp.
CACGU,Chart Acquisition Corp.
CACGW,Chart Acquisition Corp.
CACH,"Cache, Inc."
CACQ,Caesars Acquisition Company
CADC,"China Advanced Construction Materials Group, Inc."
CADT,DT Asia Investments Limited
CADTR,DT Asia Investments Limited
CADTU,DT Asia Investments Limited
CADTW,DT Asia Investments Limited
CAKE,The Cheesecake Factory Incorporated
CALA,"Calithera Biosciences, Inc."
CALD,"Callidus Software, Inc."
CALI,China Auto Logistics Inc.
CALL,magicJack VocalTec Ltd
CALM,Cal
CAMB,Cambridge Capital Acquisition Corporation
CAMBU,Cambridge Capital Acquisition Corporation
CAMBW,Cambridge Capital Acquisition Corporation
CAMP,CalAmp Corp.
CAMT,Camtek Ltd.
CAPN,"Capnia, Inc."
CAPNW,"Capnia, Inc."
CAR,"Avis Budget Group, Inc."
CARA,"Cara Therapeutics, Inc."
CARB,"Carbonite, Inc."
CARO,Carolina Financial Corporation
CART,Carolina Trust Bank
CARV,"Carver Bancorp, Inc."
CARZ,First Trust NASDAQ Global Auto Index Fund
CASH,"Meta Financial Group, Inc."
CASI,"CASI Pharmaceuticals, Inc."
CASM,"CAS Medical Systems, Inc."
CASS,"Cass Information Systems, Inc"
CASY,"Caseys General Stores, Inc."
CATM,"Cardtronics, Inc."
CATY,Cathay General Bancorp
CATYW,Cathay General Bancorp
CAVM,"Cavium, Inc."
CBAK,"China BAK Battery, Inc."
CBAN,"Colony Bankcorp, Inc."
CBAY,CymaBay Therapeutics Inc.
CBDE,CBD Energy Limited
CBF,Capital Bank Financial Corp.
CBFV,"CB Financial Services, Inc."
CBIN,"Community Bank Shares of Indiana, Inc."
CBLI,"Cleveland BioLabs, Inc."
CBMG,"Cellular Biomedicine Group, Inc."
CBMX,CombiMatrix Corporation
CBNJ,"Cape Bancorp, Inc."
CBNK,"Chicopee Bancorp, Inc."
CBOE,"CBOE Holdings, Inc."
CBPO,"China Biologic Products, Inc."
CBRL,"Cracker Barrel Old Country Store, Inc."
CBRX,"Columbia Laboratories, Inc."
CBSH,"Commerce Bancshares, Inc."
CBSHP,"Commerce Bancshares, Inc."
CBST,"Cubist Pharmaceuticals, Inc."
CBSTZ,"Cubist Pharmaceuticals, Inc."
CCBG,Capital City Bank Group
CCCL,"China Ceramics Co., Ltd."
CCCR,"China Commercial Credit, Inc."
CCIH,ChinaCache International Holdings Ltd.
CCLP,CSI Compressco LP
CCMP,Cabot Microelectronics Corporation
CCNE,CNB Financial Corporation
CCOI,"Cogent Communications Holdings, Inc."
CCRN,"Cross Country Healthcare, Inc."
CCUR,Concurrent Computer Corporation
CCXI,"ChemoCentryx, Inc."
CDC,Compass EMP U S EQ Income 100 Enhanced Volatility Weighted Fund
CDK,"CDK Global, Inc."
CDNA,"CareDx, Inc."
CDNS,"Cadence Design Systems, Inc."
CDTI,"Clean Diesel Technologies, Inc."
CDW,CDW Corporation
CDXS,"Codexis, Inc."
CDZI,"Cadiz, Inc."
CECE,CECO Environmental Corp.
CECO,Career Education Corporation
CELG,Celgene Corporation
CELGZ,Celgene Corporation
CEMI,"Chembio Diagnostics, Inc."
CEMP,"Cempra, Inc."
CENT,Central Garden & Pet Company
CENTA,Central Garden & Pet Company
CENX,Century Aluminum Company
CERE,"Ceres, Inc."
CERN,Cerner Corporation
CERS,Cerus Corporation
CERU,Cerulean Pharma Inc.
CETV,Central European Media Enterprises Ltd.
CEVA,"CEVA, Inc."
CFA,Compass EMP US 500 Volatility Weighted Index ETF
CFBK,Central Federal Corporation
CFFI,C&F Financial Corporation
CFFN,"Capitol Federal Financial, Inc."
CFGE,Calamos Focus Growth ETF
CFNB,California First National Bancorp
CFNL,Cardinal Financial Corporation
CFO,Compass EMP US 500 Enhanced Volatility Weighted Index ETF
CFRX,ContraFect Corporation
CFRXW,ContraFect Corporation
CFRXZ,ContraFect Corporation
CG,The Carlyle Group L.P.
CGEN,Compugen Ltd.
CGIX,"Cancer Genetics, Inc."
CGNX,Cognex Corporation
CGO,Calamos Global Total Return Fund
CHCI,"Comstock Holding Companies, Inc."
CHCO,City Holding Company
CHDN,"Churchill Downs, Incorporated"
CHEF,"The Chefs' Warehouse, Inc."
CHEV,Cheviot Financial Corp
CHFC,Chemical Financial Corporation
CHFN,Charter Financial Corp.
CHI,Calamos Convertible Opportunities and Income Fund
CHKE,Cherokee Inc.
CHKP,Check Point Software Technologies Ltd.
CHLN,"China Housing & Land Development, Inc."
CHMG,Chemung Financial Corp
CHNR,"China Natural Resources, Inc."
CHOP,China Gerui Advanced Materials Group Limited
CHRS,"Coherus BioSciences, Inc."
CHRW,"C.H. Robinson Worldwide, Inc."
CHSCM,CHS Inc
CHSCN,CHS Inc
CHSCO,CHS Inc
CHSCP,CHS Inc
CHTR,"Charter Communications, Inc."
CHUY,"Chuy's Holdings, Inc."
CHW,Calamos Global Dynamic Income Fund
CHXF,WisdomTree China Dividend Ex
CHY,Calamos Convertible and High Income Fund
CHYR,ChyronHego Corporation
CIDM,Cinedigm Corp
CIFC,CIFC Corp.
CIMT,"Cimatron, Limited"
CINF,Cincinnati Financial Corporation
CISAW,CIS Acquisition Ltd.
CISG,CNinsure Inc.
CIZ,Compass EMP Developed 500 Enhanced Volatility Weighted Index ETF
CIZN,Citizens Holding Company
CJJD,China Jo
CKEC,"Carmike Cinemas, Inc."
CKSW,ClickSoftware Technologies Ltd.
CLAC,Capitol Acquisition Corp. II
CLACU,Capitol Acquisition Corp. II
CLACW,Capitol Acquisition Corp. II
CLBH,Carolina Bank Holdings Inc.
CLCT,"Collectors Universe, Inc."
CLDN,Celladon Corporation
CLDX,"Celldex Therapeutics, Inc."
CLFD,"Clearfield, Inc."
CLIR,ClearSign Combustion Corporation
CLMS,"Calamos Asset Management, Inc."
CLMT,"Calumet Specialty Products Partners, L.P."
CLNE,Clean Energy Fuels Corp.
CLNT,"Cleantech Solutions International, Inc."
CLRB,"Cellectar Biosciences, Inc."
CLRBW,"Cellectar Biosciences, Inc."
CLRO,"ClearOne, Inc."
CLRX,"CollabRx, Inc."
CLSN,Celsion Corporation
CLTX,Celsus Therapeutics Plc
CLUB,"Town Sports International Holdings, Inc."
CLVS,"Clovis Oncology, Inc."
CLWT,Euro Tech Holdings Company Limited
CMCO,Columbus McKinnon Corporation
CMCSA,Comcast Corporation
CMCSK,Comcast Corporation
CMCT,CIM Commercial Trust Corporation
CME,CME Group Inc.
CMFN,CM Finance Inc
CMGE,China Mobile Games and Entertainment Group Limited
CMLS,Cumulus Media Inc.
CMPR,Cimpress N.V
CMRX,"Chimerix, Inc."
CMSB,"CMS Bancorp, Inc."
CMTL,Comtech Telecommunications Corp.
CNAT,Conatus Pharmaceuticals Inc.
CNBKA,"Century Bancorp, Inc."
CNCE,"Concert Pharmaceuticals, Inc."
CNDO,"Coronado Biosciences, Inc."
CNET,"ChinaNet Online Holdings, Inc."
CNIT,"China Information Technology, Inc."
CNLM,CB Pharma Acquisition Corp.
CNLMR,CB Pharma Acquisition Corp.
CNLMU,CB Pharma Acquisition Corp.
CNLMW,CB Pharma Acquisition Corp.
CNMD,CONMED Corporation
CNOB,"ConnectOne Bancorp, Inc."
CNSI,Comverse Inc.
CNSL,"Consolidated Communications Holdings, Inc."
CNTF,China TechFaith Wireless Communication Technology Limited
CNTY,"Century Casinos, Inc."
CNV,Cnova N.V.
CNXR,"Connecture, Inc."
CNYD,"China Yida Holding, Co."
COB,CommunityOne Bancorp
COBK,"Colonial Financial Services, Inc."
COBZ,CoBiz Financial Inc.
COCO,"Corinthian Colleges, Inc."
COHR,"Coherent, Inc."
COHU,"Cohu, Inc."
COKE,Coca
COLB,"Columbia Banking System, Inc."
COLM,Columbia Sportswear Company
COMM,"CommScope Holding Company, Inc."
COMT,iShares Commodities Select Strategy ETF
CONE,CyrusOne Inc
CONN,"Conn's, Inc."
COOL,Majesco Entertainment Company
CORE,Core
CORI,"Corium International, Inc."
CORT,Corcept Therapeutics Incorporated
COSI,"Cosi, Inc."
COST,Costco Wholesale Corporation
COVS,Covisint Corporation
COWN,"Cowen Group, Inc."
COWNL,"Cowen Group, Inc."
CPAH,CounterPath Corporation
CPGI,"China Shengda Packaging Group, Inc."
CPHC,Canterbury Park Holding Corporation
CPHD,CEPHEID
CPHR,Cipher Pharmaceuticals Inc.
CPIX,Cumberland Pharmaceuticals Inc.
CPLA,Capella Education Company
CPLP,Capital Product Partners L.P.
CPRT,"Copart, Inc."
CPRX,"Catalyst Pharmaceutical Partners, Inc."
CPSI,"Computer Programs and Systems, Inc."
CPSS,"Consumer Portfolio Services, Inc."
CPST,Capstone Turbine Corporation
CPTA,Capitala Finance Corp.
CPXX,Celator Pharmaceuticals Inc.
CRAI,"CRA International,Inc."
CRAY,Cray Inc
CRDC,"Cardica, Inc."
CRDS,"Crossroads Systems, Inc."
CRDT,WisdomTree Strategic Corporate Bond Fund
CREE,"Cree, Inc."
CREG,China Recycling Energy Corporation
CRESW,Cresud S.A.C.I.F. y A.
CRESY,Cresud S.A.C.I.F. y A.
CRIS,"Curis, Inc."
CRME,Cardiome Pharma Corporation
CRMT,America's Car
CRNT,Ceragon Networks Ltd.
CROX,"Crocs, Inc."
CRRC,Courier Corporation
CRRS,"Corporate Resource Services, Inc."
CRTN,"Cartesian, Inc."
CRTO,Criteo S.A.
CRUS,"Cirrus Logic, Inc."
CRVL,CorVel Corp.
CRWN,"Crown Media Holdings, Inc."
CRWS,"Crown Crafts, Inc."
CRZO,"Carrizo Oil & Gas, Inc."
CSBK,Clifton Bancorp Inc.
CSCD,"Cascade Microtech, Inc."
CSCO,"Cisco Systems, Inc."
CSF,Compass EMP U.S. Discovery 500 Enhanced Volatility Weighted Fund
CSFL,"CenterState Banks, Inc."
CSGP,"CoStar Group, Inc."
CSGS,"CSG Systems International, Inc."
CSII,"Cardiovascular Systems, Inc."
CSIQ,Canadian Solar Inc.
CSOD,"Cornerstone OnDemand, Inc."
CSPI,CSP Inc.
CSQ,Calamos Strategic Total Return Fund
CSRE,CSR plc
CSTE,CaesarStone Sdot
CSUN,"China Sunergy Co., Ltd."
CSWC,Capital Southwest Corporation
CTAS,Cintas Corporation
CTBI,"Community Trust Bancorp, Inc."
CTCM,"CTC Media, Inc."
CTCT,"Constant Contact, Inc."
CTG,"Computer Task Group, Incorporated"
CTHR,Charles & Colvard Ltd
CTIB,CTI Industries Corporation
CTIC,CTI BioPharma Corp.
CTRE,"CareTrust REIT, Inc."
CTRL,Control4 Corporation
CTRN,"Citi Trends, Inc."
CTRP,"Ctrip.com International, Ltd."
CTRX,Catamaran Corporation
CTSH,Cognizant Technology Solutions Corporation
CTSO,Cytosorbents Corporation
CTWS,"Connecticut Water Service, Inc."
CTXS,"Citrix Systems, Inc."
CU,First Trust ISE Global Copper Index Fund
CUBA,"The Herzfeld Caribbean Basin Fund, Inc."
CUI,"CUI Global, Inc."
CUNB,CU Bancorp (CA)
CUTR,"Cutera, Inc."
CVBF,CVB Financial Corporation
CVCO,"Cavco Industries, Inc."
CVCY,Central Valley Community Bancorp
CVGI,"Commercial Vehicle Group, Inc."
CVGW,"Calavo Growers, Inc."
CVLT,"CommVault Systems, Inc."
CVLY,"Codorus Valley Bancorp, Inc"
CVTI,"Covenant Transportation Group, Inc."
CVV,CVD Equipment Corporation
CWAY,"Coastway Bancorp, Inc."
CWBC,Community West Bancshares
CWCO,Consolidated Water Co. Ltd.
CWST,"Casella Waste Systems, Inc."
CXDC,China XD Plastics Company Limited
CY,Cypress Semiconductor Corporation
CYAN,Cyanotech Corporation
CYBE,CyberOptics Corporation
CYBR,CyberArk Software Ltd.
CYBX,"Cyberonics, Inc."
CYCC,"Cyclacel Pharmaceuticals, Inc."
CYCCP,"Cyclacel Pharmaceuticals, Inc."
CYHHZ,"Community Health Systems, Inc."
CYNO,"Cynosure, Inc."
CYOU,Changyou.com Limited
CYRN,CYREN Ltd.
CYTK,"Cytokinetics, Incorporated"
CYTR,CytRx Corporation
CYTX,Cytori Therapeutics Inc
CZFC,Citizens First Corporation
CZNC,Citizens & Northern Corp
CZR,Caesars Entertainment Corporation
CZWI,"Citizens Community Bancorp, Inc."
DAEG,Daegis Inc
DAIO,Data I/O Corporation
DAKT,"Daktronics, Inc."
DARA,"DARA Biosciences, Inc."
DATE,Jiayuan.com International Ltd.
DAVE,"Famous Dave's of America, Inc."
DAX,Recon Capital DAX Germany ETF
DBVT,DBV Technologies S.A.
DCIX,Diana Containerships Inc.
DCOM,"Dime Community Bancshares, Inc."
DCTH,"Delcath Systems, Inc."
DENN,Denny's Corporation
DEPO,"Depomed, Inc."
DERM,"Dermira, Inc."
DEST,Destination Maternity Corporation
DFRG,"Del Frisco's Restaurant Group, Inc."
DFVL,Barclays PLC
DFVS,Barclays PLC
DGAS,"Delta Natural Gas Company, Inc."
DGICA,"Donegal Group, Inc."
DGICB,"Donegal Group, Inc."
DGII,Digi International Inc.
DGLD,Credit Suisse AG
DGLY,"Digital Ally, Inc."
DGRE,WisdomTree Emerging Markets Dividend Growth Fund
DGRS,WisdomTree U.S. SmallCap Dividend Growth Fund
DGRW,WisdomTree U.S. Dividend Growth Fund
DHIL,"Diamond Hill Investment Group, Inc."
DHRM,Dehaier Medical Systems Limited
DIOD,Diodes Incorporated
DISCA,"Discovery Communications, Inc."
DISCB,"Discovery Communications, Inc."
DISCK,"Discovery Communications, Inc."
DISH,DISH Network Corporation
DJCO,Daily Journal Corp. (S.C.)
DLBL,Barclays PLC
DLBS,Barclays PLC
DLHC,DLH Holdings Corp.
DLTR,"Dollar Tree, Inc."
DMLP,"Dorchester Minerals, L.P."
DMND,"Diamond Foods, Inc."
DMRC,Digimarc Corporation
DNBF,DNB Financial Corp
DNKN,"Dunkin' Brands Group, Inc."
DORM,"Dorman Products, Inc."
DOVR,"Dover Saddlery, Inc."
DOX,Amdocs Limited
DPRX,"Dipexium Pharmaceuticals, Inc."
DRAD,Digirad Corporation
DRAM,Dataram Corporation
DRIV,"Digital River, Inc."
DRNA,"Dicerna Pharmaceuticals, Inc."
DRRX,DURECT Corporation
DRWI,DragonWave Inc
DRWIW,DragonWave Inc
DRYS,DryShips Inc.
DSCI,"Derma Sciences, Inc."
DSCO,"Discovery Laboratories, Inc."
DSGX,The Descartes Systems Group Inc.
DSKX,"DS Healthcare Group, Inc."
DSKY,iDreamSky Technology Limited
DSLV,Credit Suisse AG
DSPG,"DSP Group, Inc."
DSWL,"Deswell Industries, Inc."
DTLK,Datalink Corporation
DTSI,"DTS, Inc."
DTUL,Barclays PLC
DTUS,Barclays PLC
DTV,DIRECTV
DTYL,Barclays PLC
DTYS,Barclays PLC
DVAX,Dynavax Technologies Corporation
DVCR,Diversicare Healthcare Services Inc.
DWA,"Dreamworks Animation SKG, Inc."
DWAT,Arrow DWA Tactical ETF
DWCH,Datawatch Corporation
DWSN,Dawson Geophysical Company
DXCM,"DexCom, Inc."
DXGE,WisdomTree Germany Hedged Equity Fund
DXJS,WisdomTree Japan Hedged SmallCap Equity Fund
DXKW,WisdomTree Korea Hedged Equity Fund
DXLG,"Destination XL Group, Inc."
DXM,"Dex Media, Inc."
DXPE,"DXP Enterprises, Inc."
DXPS,WisdomTree United Kingdom Hedged Equity Fund
DXYN,"The Dixie Group, Inc."
DYAX,Dyax Corp.
DYNT,Dynatronics Corporation
DYSL,Dynasil Corporation of America
EA,Electronic Arts Inc.
EAC,Erickson Incorporated
EARS,Auris Medical Holding AG
EBAY,eBay Inc.
EBIO,"Eleven Biotherapeutics, Inc."
EBIX,"Ebix, Inc."
EBMT,"Eagle Bancorp Montana, Inc."
EBSB,"Meridian Bancorp, Inc."
EBTC,Enterprise Bancorp Inc
ECHO,"Echo Global Logistics, Inc."
ECOL,"US Ecology, Inc."
ECPG,Encore Capital Group Inc
ECTE,"Echo Therapeutics, Inc."
ECYT,"Endocyte, Inc."
EDAP,EDAP TMS S.A.
EDGW,"Edgewater Technology, Inc."
EDS,Exceed Company Ltd.
EDUC,Educational Development Corporation
EEFT,"Euronet Worldwide, Inc."
EEI,"Ecology and Environment, Inc."
EEMA,iShares MSCI Emerging Markets Asia Index Fund
EEME,iShares MSCI Emerging Markets EMEA Index Fund
EEML,iShares MSCI Emerging Markets Latin America Index Fund
EFII,"Electronics for Imaging, Inc."
EFOI,"Energy Focus, Inc."
EFSC,Enterprise Financial Services Corporation
EFUT,eFuture Information Technology Inc.
EGAN,eGain Corporation
EGBN,"Eagle Bancorp, Inc."
EGHT,8x8 Inc
EGLE,Eagle Bulk Shipping Inc.
EGLT,Egalet Corporation
EGOV,NIC Inc.
EGRW,iShares MSCI Emerging Markets Growth Index Fund
EGRX,"Eagle Pharmaceuticals, Inc."
EGT,Entertainment Gaming Asia Incorporated
EHTH,"eHealth, Inc."
EIGI,"Endurance International Group Holdings, Inc."
ELGX,"Endologix, Inc."
ELNK,EarthLink Holdings Corp.
ELON,Echelon Corporation
ELOS,Syneron Medical Ltd.
ELRC,Electro Rent Corporation
ELSE,Electro
ELTK,Eltek Ltd.
EMCB,WisdomTree Emerging Markets Corporate Bond Fund
EMCF,Emclaire Financial Corp
EMCG,WisdomTree Emerging Markets Consumer Growth Fund
EMCI,EMC Insurance Group Inc.
EMDI,iShares MSCI Emerging Markets Consumer Discrectionary Sector Index Fund
EMEY,iShares MSCI Emerging Markets Energy Sector Capped Index Fund
EMIF,iShares S&P Emerging Markets Infrastructure Index Fund
EMITF,Elbit Imaging Ltd.
EMKR,EMCORE Corporation
EML,Eastern Company (The)
EMMS,Emmis Communications Corporation
EMMSP,Emmis Communications Corporation
ENDP,Endo International plc
ENFC,Entegra Financial Corp.
ENG,ENGlobal Corporation
ENOC,"EnerNOC, Inc."
ENPH,"Enphase Energy, Inc."
ENSG,"The Ensign Group, Inc."
ENT,Global Eagle Entertainment Inc.
ENTA,"Enanta Pharmaceuticals, Inc."
ENTG,"Entegris, Inc."
ENTR,"Entropic Communications, Inc."
ENVI,"Envivio, Inc."
ENZN,"Enzon Pharmaceuticals, Inc."
ENZY,Enzymotec Ltd.
EOPN,"E2open, Inc."
EPAX,"Ambassadors Group, Inc."
EPAY,"Bottomline Technologies, Inc."
EPIQ,"EPIQ Systems, Inc."
EPRS,"EPIRUS Biopharmaceuticals, Inc."
EPZM,"Epizyme, Inc."
EQIX,"Equinix, Inc."
ERI,"Eldorado Resorts, Inc."
ERIC,Ericsson
ERIE,Erie Indemnity Company
ERII,"Energy Recovery, Inc."
EROC,"Eagle Rock Energy Partners, L.P."
ERS,"Empire Resources, Inc."
ERW,VelocityShares Equal Risk Weighted Large Cap ETF
ESBF,ESB Financial Corporation
ESBK,Elmira Savings Bank NY (The)
ESCA,"Escalade, Incorporated"
ESCR,Escalera Resources Co.
ESCRP,Escalera Resources Co.
ESEA,Euroseas Ltd.
ESGR,Enstar Group Limited
ESIO,"Electro Scientific Industries, Inc."
ESLT,Elbit Systems Ltd.
ESMC,Escalon Medical Corp.
ESPR,"Esperion Therapeutics, Inc."
ESRX,Express Scripts Holding Company
ESSA,"ESSA Bancorp, Inc."
ESSX,Essex Rental Corporation
ESXB,Community Bankers Trust Corporation.
ESYS,Elecsys Corporation
ETFC,E*TRADE Financial Corporation
ETRM,EnteroMedics Inc.
EUFN,iShares MSCI Europe Financials Sector Index Fund
EVAL,iShares MSCI Emerging Markets Value Index Fund
EVAR,"Lombard Medical, Inc."
EVBS,"Eastern Virginia Bankshares, Inc."
EVEP,"EV Energy Partners, L.P."
EVK,Ever
EVLV,EVINE Live Inc.
EVOK,"Evoke Pharma, Inc."
EVOL,"Evolving Systems, Inc."
EVRY,"EveryWare Global, Inc."
EWBC,"East West Bancorp, Inc."
EXA,Exa Corporation
EXAC,"Exactech, Inc."
EXAS,Exact Sciences Corporation
EXEL,"Exelixis, Inc."
EXFO,EXFO Inc
EXLP,"Exterran Partners, L.P."
EXLS,"ExlService Holdings, Inc."
EXPD,"Expeditors International of Washington, Inc."
EXPE,"Expedia, Inc."
EXPO,"Exponent, Inc."
EXTR,"Extreme Networks, Inc."
EXXI,Energy XXI Ltd.
EYES,"Second Sight Medical Products, Inc."
EZCH,EZchip Semiconductor Limited
EZPW,"EZCORP, Inc."
FALC,"FalconStor Software, Inc."
FANG,"Diamondback Energy, Inc."
FARM,Farmer Brothers Company
FARO,"FARO Technologies, Inc."
FAST,Fastenal Company
FATE,"Fate Therapeutics, Inc."
FB,"Facebook, Inc."
FBIZ,"First Business Financial Services, Inc."
FBMS,"The First Bancshares, Inc."
FBNC,First Bancorp
FBNK,"First Connecticut Bancorp, Inc."
FBRC,FBR & Co
FBSS,"Fauquier Bankshares, Inc."
FCAP,"First Capital, Inc."
FCBC,"First Community Bancshares, Inc."
FCCO,First Community Corporation
FCCY,1st Constitution Bancorp (NJ)
FCEL,"FuelCell Energy, Inc."
FCFS,"First Cash Financial Services, Inc."
FCHI,iShares FTSE China (HK Listed) Index Fund
FCLF,First Clover Leaf Financial Corp.
FCNCA,"First Citizens BancShares, Inc."
FCS,"Fairchild Semiconductor International, Inc."
FCSC,Fibrocell Science Inc
FCTY,"1st Century Bancshares, Inc"
FCVA,"First Capital Bancorp, Inc. (VA)"
FCZA,First Citizens Banc Corp.
FCZAP,First Citizens Banc Corp.
FDEF,First Defiance Financial Corp.
FDIV,First Trust Strategic Income ETF
FDML,Federal
FDUS,Fidus Investment Corporation
FEIC,FEI Company
FEIM,"Frequency Electronics, Inc."
FELE,"Franklin Electric Co., Inc."
FEMB,First Trust Emerging Markets Local Currency Bond ETF
FES,Forbes Energy Services Ltd
FEUZ,First Trust Eurozone AlphaDEX ETF
FEYE,"FireEye, Inc."
FFBC,First Financial Bancorp.
FFBCW,First Financial Bancorp.
FFHL,"Fuwei Films (Holdings) Co., Ltd."
FFIC,Flushing Financial Corporation
FFIN,"First Financial Bankshares, Inc."
FFIV,"F5 Networks, Inc."
FFKT,Farmers Capital Bank Corporation
FFNM,"First Federal of Northern Michigan Bancorp, Inc."
FFNW,"First Financial Northwest, Inc."
FFWM,First Foundation Inc.
FGEN,"FibroGen, Inc"
FHCO,Female Health Company (The)
FIBK,"First Interstate BancSystem, Inc."
FINL,"The Finish Line, Inc."
FISH,"Marlin Midstream Partners, LP"
FISI,"Financial Institutions, Inc."
FISV,"Fiserv, Inc."
FITB,Fifth Third Bancorp
FITBI,Fifth Third Bancorp
FIVE,"Five Below, Inc."
FIVN,"Five9, Inc."
FIZZ,National Beverage Corp.
FLAT,Barclays PLC
FLDM,Fluidigm Corporation
FLEX,Flextronics International Ltd.
FLIC,The First of Long Island Corporation
FLIR,"FLIR Systems, Inc."
FLL,"Full House Resorts, Inc."
FLML,Flamel Technologies S.A.
FLWS,1
FLXN,"Flexion Therapeutics, Inc."
FLXS,"Flexsteel Industries, Inc."
FMB,First Trust Managed Municipal ETF
FMBH,First Mid
FMBI,"First Midwest Bancorp, Inc."
FMER,FirstMerit Corporation
FMI,"Foundation Medicine, Inc."
FMNB,Farmers National Banc Corp.
FNBC,First NBC Bank Holding Company
FNFG,First Niagara Financial Group Inc.
FNGN,"Financial Engines, Inc."
FNHC,Federated National Holding Company
FNJN,"Finjan Holdings, Inc."
FNLC,"First Bancorp, Inc (ME)"
FNRG,ForceField Energy Inc.
FNSR,Finisar Corporation
FOLD,"Amicus Therapeutics, Inc."
FOMX,Foamix Pharmaceuticals Ltd.
FONE,First Trust NASDAQ CEA Smartphone Index Fund
FONR,Fonar Corporation
FORD,"Forward Industries, Inc."
FORM,"FormFactor, Inc."
FORR,"Forrester Research, Inc."
FORTY,Formula Systems (1985) Ltd.
FOSL,"Fossil Group, Inc."
FOX,Twenty
FOXA,Twenty
FOXF,Fox Factory Holding Corp.
FPRX,"Five Prime Therapeutics, Inc."
FPXI,First Trust International IPO ETF
FRAN,Francesca's Holdings Corporation
FRBA,First Bank
FRBK,"Republic First Bancorp, Inc."
FRED,"Fred's, Inc."
FREE,FreeSeas Inc.
FRGI,"Fiesta Restaurant Group, Inc."
FRME,First Merchants Corporation
FRP,"FairPoint Communications, Inc."
FRPH,"FRP Holdings, Inc."
FRPHV,"FRP Holdings, Inc."
FRPT,"Freshpet, Inc."
FRSH,"Papa Murphy's Holdings, Inc."
FSAM,Fifth Street Asset Management Inc.
FSBK,First South Bancorp Inc
FSBW,"FS Bancorp, Inc."
FSC,Fifth Street Finance Corp.
FSCFL,Fifth Street Finance Corp.
FSFG,"First Savings Financial Group, Inc."
FSFR,Fifth Street Senior Floating Rate Corp.
FSGI,"First Security Group, Inc."
FSLR,"First Solar, Inc."
FSNN,"Fusion Telecommunications International, Inc."
FSRV,FirstService Corporation
FSTR,L.B. Foster Company
FSYS,"Fuel Systems Solutions, Inc."
FTCS,First Trust Capital Strength ETF
FTD,"FTD Companies, Inc."
FTEK,"Fuel Tech, Inc."
FTGC,First Trust Global Tactical Commodity Strategy Fund
FTHI,First Trust High Income ETF
FTLB,First Trust Low Beta Income ETF
FTNT,"Fortinet, Inc."
FTR,Frontier Communications Corporation
FTSL,First Trust Senior Loan Fund ETF
FTSM,First Trust Enhanced Short Maturity ETF
FUEL,Rocket Fuel Inc.
FULL,Full Circle Capital Corporation
FULLL,Full Circle Capital Corporation
FULT,Fulton Financial Corporation
FUNC,First United Corporation
FUND,"Royce Focus Trust, Inc."
FV,First Trust Dorsey Wright Focus 5 ETF
FWM,Fairway Group Holdings Corp.
FWP,Forward Pharma A/S
FWRD,Forward Air Corporation
FXCB,"Fox Chase Bancorp, Inc."
FXEN,"FX Energy, Inc."
FXENP,"FX Energy, Inc."
GABC,"German American Bancorp, Inc."
GAI,Global
GAIA,"Gaiam, Inc."
GAIN,Gladstone Investment Corporation
GAINO,Gladstone Investment Corporation
GAINP,Gladstone Investment Corporation
GALE,"Galena Biopharma, Inc."
GALT,Galectin Therapeutics Inc.
GALTU,Galectin Therapeutics Inc.
GALTW,Galectin Therapeutics Inc.
GAME,Shanda Games Limited
GARS,Garrison Capital Inc.
GASS,"StealthGas, Inc."
GBCI,"Glacier Bancorp, Inc."
GBDC,"Golub Capital BDC, Inc."
GBIM,"GlobeImmune, Inc."
GBLI,Global Indemnity plc
GBNK,Guaranty Bancorp
GBSN,"Great Basin Scientific, Inc."
GCBC,"Greene County Bancorp, Inc."
GCVRZ,Sanofi
GDEF,"Global Defense & National Security Systems, Inc."
GENC,Gencor Industries Inc.
GENE,Genetic Technologies Ltd
GEOS,Geospace Technologies Corporation
GERN,Geron Corporation
GEVA,Synageva BioPharma Corp.
GEVO,"Gevo, Inc."
GFED,"Guaranty Federal Bancshares, Inc."
GFN,General Finance Corporation
GFNCP,General Finance Corporation
GFNSL,General Finance Corporation
GGAC,Garnero Group Acquisition Company
GGACR,Garnero Group Acquisition Company
GGACU,Garnero Group Acquisition Company
GGACW,Garnero Group Acquisition Company
GGAL,Grupo Financiero Galicia S.A.
GHDX,"Genomic Health, Inc."
GIFI,"Gulf Island Fabrication, Inc."
GIGA,Giga
GIGM,GigaMedia Limited
GIII,G
GILD,"Gilead Sciences, Inc."
GILT,Gilat Satellite Networks Ltd.
GK,"G&K Services, Inc."
GKNT,"Geeknet, Inc."
GLAD,Gladstone Capital Corporation
GLADO,Gladstone Capital Corporation
GLBS,Globus Maritime Limited
GLBZ,Glen Burnie Bancorp
GLDC,"Golden Enterprises, Inc."
GLDD,Great Lakes Dredge & Dock Corporation
GLDI,Credit Suisse AG
GLMD,Galmed Pharmaceuticals Ltd.
GLNG,Golar LNG Limited
GLPI,"Gaming and Leisure Properties, Inc."
GLRE,"Greenlight Reinsurance, Ltd."
GLRI,Glori Energy Inc
GLUU,Glu Mobile Inc.
GLYC,"GlycoMimetics, Inc."
GMAN,"Gordmans Stores, Inc."
GMCR,"Keurig Green Mountain, Inc."
GMLP,Golar LNG Partners LP
GNBC,"Green Bancorp, Inc."
GNCA,"Genocea Biosciences, Inc."
GNCMA,"General Communication, Inc."
GNMA,iShares Core GNMA Bond ETF
GNMK,"GenMark Diagnostics, Inc."
GNTX,Gentex Corporation
GNVC,"GenVec, Inc."
GOGO,Gogo Inc.
GOLD,Randgold Resources Limited
GOMO,Sungy Mobile Limited
GOOD,Gladstone Commercial Corporation
GOODN,Gladstone Commercial Corporation
GOODO,Gladstone Commercial Corporation
GOODP,Gladstone Commercial Corporation
GOOG,Google Inc.
GOOGL,Google Inc.
GPIC,Gaming Partners International Corporation
GPOR,Gulfport Energy Corporation
GPRE,"Green Plains, Inc."
GPRO,"GoPro, Inc."
GRBK,"Green Brick Partners, Inc."
GRFS,"Grifols, S.A."
GRID,First Trust NASDAQ Clean Edge Smart Grid Infrastructure Index Fund
GRIF,"Griffin Land & Nurseries, Inc."
GRMN,Garmin Ltd.
GROW,"U.S. Global Investors, Inc."
GRPN,"Groupon, Inc."
GRVY,"GRAVITY Co., Ltd."
GSBC,"Great Southern Bancorp, Inc."
GSIG,"GSI Group, Inc."
GSIT,"GSI Technology, Inc."
GSM,Globe Specialty Metals Inc.
GSOL,Global Sources Ltd.
GSVC,GSV Capital Corp
GT,The Goodyear Tire & Rubber Company
GTIM,Good Times Restaurants Inc.
GTIV,"Gentiva Health Services, Inc."
GTLS,"Chart Industries, Inc."
GTWN,"Georgetown Bancorp, Inc."
GTXI,"GTx, Inc."
GUID,"Guidance Software, Inc."
GULF,WisdomTree Middle East Dividend Fund
GULTU,Gulf Coast Ultra Deep Royalty Trust
GURE,"Gulf Resources, Inc."
GWGH,"GWG Holdings, Inc"
GWPH,GW Pharmaceuticals Plc
GYRO,"Gyrodyne Company of America, Inc."
HA,"Hawaiian Holdings, Inc."
HABT,"The Habit Restaurants, Inc."
HAFC,Hanmi Financial Corporation
HAIN,"The Hain Celestial Group, Inc."
HALL,"Hallmark Financial Services, Inc."
HALO,"Halozyme Therapeutics, Inc."
HART,"Harvard Apparatus Regenerative Technology, Inc."
HAS,"Hasbro, Inc."
HAWK,"Blackhawk Network Holdings, Inc."
HAWKB,"Blackhawk Network Holdings, Inc."
HAYN,"Haynes International, Inc."
HBAN,Huntington Bancshares Incorporated
HBANP,Huntington Bancshares Incorporated
HBCP,"Home Bancorp, Inc."
HBHC,Hancock Holding Company
HBIO,"Harvard Bioscience, Inc."
HBK,"Hamilton Bancorp, Inc."
HBMD,"Howard Bancorp, Inc."
HBNC,Horizon Bancorp (IN)
HBNK,"Hampden Bancorp, Inc."
HBOS,Heritage Financial Group
HBP,"Huttig Building Products, Inc."
HCAC,Hennessy Capital Acquisition Corp.
HCACU,Hennessy Capital Acquisition Corp.
HCACW,Hennessy Capital Acquisition Corp.
HCAP,Harvest Capital Credit Corporation
HCBK,"Hudson City Bancorp, Inc."
HCCI,Heritage
HCKT,"The Hackett Group, Inc."
HCOM,"Hawaiian Telcom Holdco, Inc."
HCSG,"Healthcare Services Group, Inc."
HCT,"American Realty Capital Healthcare Trust, Inc."
HDNG,"Hardinge, Inc."
HDP,"Hortonworks, Inc."
HDRA,Hydra Industries Acquisition Corp.
HDRAR,Hydra Industries Acquisition Corp.
HDRAU,Hydra Industries Acquisition Corp.
HDRAW,Hydra Industries Acquisition Corp.
HDS,"HD Supply Holdings, Inc."
HDSN,"Hudson Technologies, Inc."
HEAR,Turtle Beach Corporation
HEES,"H&E Equipment Services, Inc."
HELE,Helen of Troy Limited
HEOP,Heritage Oaks Bancorp
HERO,"Hercules Offshore, Inc."
HFBC,"HopFed Bancorp, Inc."
HFBL,"Home Federal Bancorp, Inc. of Louisiana"
HFFC,HF Financial Corp.
HFWA,Heritage Financial Corporation
HGSH,"China HGS Real Estate, Inc."
HIBB,"Hibbett Sports, Inc."
HIFS,Hingham Institution for Savings
HIHO,Highway Holdings Limited
HIIQ,"Health Insurance Innovations, Inc."
HILL,Dot Hill Systems Corporation
HIMX,"Himax Technologies, Inc."
HKTV,Hong Kong Television Network Limited
HLIT,Harmonic Inc.
HLSS,"Home Loan Servicing Solutions, Ltd."
HMHC,Houghton Mifflin Harcourt Company
HMIN,Homeinns Hotel Group
HMNF,"HMN Financial, Inc."
HMNY,Helios and Matheson Analytics Inc
HMPR,Hampton Roads Bankshares Inc
HMST,"HomeStreet, Inc."
HMSY,HMS Holdings Corp
HMTV,"Hemisphere Media Group, Inc."
HNH,Handy & Harman Ltd.
HNNA,"Hennessy Advisors, Inc."
HNRG,Hallador Energy Company
HNSN,"Hansen Medical, Inc."
HOFT,Hooker Furniture Corporation
HOLI,"Hollysys Automation Technologies, Ltd."
HOLX,"Hologic, Inc."
HOMB,"Home BancShares, Inc."
HOTR,"Chanticleer Holdings, Inc."
HOTRW,"Chanticleer Holdings, Inc."
HOVNP,Hovnanian Enterprises Inc
HPJ,Highpower International Inc
HPTX,"Hyperion Therapeutics, Inc."
HQY,"HealthEquity, Inc."
HRTX,"Heron Therapeutics, Inc."
HRZN,Horizon Technology Finance Corporation
HSGX,Histogenics Corporation
HSIC,"Henry Schein, Inc."
HSII,"Heidrick & Struggles International, Inc."
HSKA,Heska Corporation
HSNI,"HSN, Inc."
HSOL,"Hanwha SolarOne Co., Ltd."
HSON,"Hudson Global, Inc."
HSTM,"HealthStream, Inc."
HTBI,"HomeTrust Bancshares, Inc."
HTBK,Heritage Commerce Corp
HTBX,"Heat Biologics, Inc."
HTCH,Hutchinson Technology Incorporated
HTHT,"China Lodging Group, Limited"
HTLD,"Heartland Express, Inc."
HTLF,"Heartland Financial USA, Inc."
HTWO,HF2 Financial Management Inc.
HTWR,"Heartware International, Inc."
HUBG,"Hub Group, Inc."
HURC,"Hurco Companies, Inc."
HURN,Huron Consulting Group Inc.
HWAY,"Healthways, Inc."
HWBK,"Hawthorn Bancshares, Inc."
HWCC,Houston Wire & Cable Company
HWKN,"Hawkins, Inc."
HYGS,Hydrogenics Corporation
HYLS,First Trust High Yield Long/Short ETF
HYND,WisdomTree BofA Merrill Lynch High Yield Bond Negative Duration Fund
HYZD,WisdomTree BofA Merrill Lynch High Yield Bond Zero Duration Fund
HZNP,Horizon Pharma plc
IACI,IAC/InterActiveCorp
IART,Integra LifeSciences Holdings Corporation
IBB,iShares Nasdaq Biotechnology Index Fund
IBCA,Intervest Bancshares Corp.
IBCP,Independent Bank Corporation
IBKC,IBERIABANK Corporation
IBKR,"Interactive Brokers Group, Inc."
IBOC,International Bancshares Corporation
IBTX,"Independent Bank Group, Inc"
ICAD,icad inc.
ICCC,ImmuCell Corporation
ICEL,"Cellular Dynamics International, Inc."
ICFI,"ICF International, Inc."
ICLD,"InterCloud Systems, Inc"
ICLDW,"InterCloud Systems, Inc"
ICLN,iShares S&P Global Clean Energy Index Fund
ICLR,ICON plc
ICON,"Iconix Brand Group, Inc."
ICPT,"Intercept Pharmaceuticals, Inc."
ICUI,"ICU Medical, Inc."
IDCC,"InterDigital, Inc."
IDRA,"Idera Pharmaceuticals, Inc."
IDSA,"Industrial Services of America, Inc."
IDSY,"I.D. Systems, Inc."
IDTI,"Integrated Device Technology, Inc."
IDXX,"IDEXX Laboratories, Inc."
IEP,Icahn Enterprises L.P.
IESC,"Integrated Electrical Services, Inc."
IEUS,iShares MSCI Europe Small
IFAS,iShares FTSE EPRA/NAREIT Asia Index Fund
IFEU,iShares FTSE EPRA/NAREIT Europe Index Fund
IFGL,iShares FTSE EPRA/NAREIT Global Real Estate ex
IFNA,iShares FTSE EPRA/NAREIT North America Index Fund
IFON,InfoSonics Corp
IFV,First Trust Dorsey Wright International Focus 5 ETF
IGLD,Internet Gold Golden Lines Ltd.
IGOV,iShares S&P/Citigroup International Treasury Bond Fund
IGTE,iGATE Corporation
III,"Information Services Group, Inc."
IIIN,"Insteel Industries, Inc."
IIJI,"Internet Initiative Japan, Inc."
IILG,"Interval Leisure Group, Inc."
IIN,IntriCon Corporation
IIVI,II
IKAN,"Ikanos Communications, Inc."
IKGH,Iao Kun Group Holding Company Limited
IKNX,Ikonics Corporation
ILMN,"Illumina, Inc."
IMDZ,Immune Design Corp.
IMGN,"ImmunoGen, Inc."
IMI,"Intermolecular, Inc."
IMKTA,"Ingles Markets, Incorporated"
IMMR,Immersion Corporation
IMMU,"Immunomedics, Inc."
IMMY,"Imprimis Pharmaceuticals, Inc."
IMNP,Immune Pharmaceuticals Inc.
IMOS,ChipMOS TECHNOLOGIES (Bermuda) LTD.
IMRS,Imris Inc
INAP,Internap Corporation
INBK,First Internet Bancorp
INCR,"INC Research Holdings, Inc."
INCY,Incyte Corporation
INDB,Independent Bank Corp.
INDY,iShares S&P India Nifty 50 Index Fund
INFA,Informatica Corporation
INFI,"Infinity Pharmaceuticals, Inc."
INFN,Infinera Corporation
INGN,"Inogen, Inc"
ININ,"Interactive Intelligence Group, Inc."
INNL,Innocoll AG
INO,"Inovio Pharmaceuticals, Inc."
INOD,Innodata Inc.
INPH,Interphase Corporation
INSM,"Insmed, Inc."
INSY,"Insys Therapeutics, Inc."
INTC,Intel Corporation
INTG,The Intergroup Corporation
INTL,INTL FCStone Inc.
INTLL,INTL FCStone Inc.
INTU,Intuit Inc.
INTX,"Intersections, Inc."
INVE,"Identiv, Inc."
INVT,"Inventergy Global, Inc."
INWK,"InnerWorkings, Inc."
IOSP,Innospec Inc.
IPAR,"Inter Parfums, Inc."
IPAS,iPass Inc.
IPCC,Infinity Property and Casualty Corporation
IPCI,Intellipharmaceutics International Inc.
IPCM,"IPC Healthcare, Inc."
IPDN,"Professional Diversity Network, Inc."
IPGP,IPG Photonics Corporation
IPHS,"Innophos Holdings, Inc."
IPKW,PowerShares International BuyBack Achievers Portfolio
IPWR,Ideal Power Inc.
IPXL,"Impax Laboratories, Inc."
IQNT,"Inteliquent, Inc."
IRBT,iRobot Corporation
IRDM,Iridium Communications Inc
IRDMB,Iridium Communications Inc
IRDMZ,Iridium Communications Inc
IRG,"Ignite Restaurant Group, Inc."
IRIX,IRIDEX Corporation
IRMD,iRadimed Corporation
IROQ,"IF Bancorp, Inc."
IRWD,"Ironwood Pharmaceuticals, Inc."
ISBC,"Investors Bancorp, Inc."
ISCA,International Speedway Corporation
ISHG,iShares S&P/Citigroup 1
ISIG,"Insignia Systems, Inc."
ISIL,Intersil Corporation
ISIS,"Isis Pharmaceuticals, Inc."
ISLE,"Isle of Capri Casinos, Inc."
ISM,SLM Corporation
ISNS,"Image Sensing Systems, Inc."
ISRG,"Intuitive Surgical, Inc."
ISRL,"Isramco, Inc."
ISSC,"Innovative Solutions and Support, Inc."
ISSI,"Integrated Silicon Solution, Inc."
ISTR,Investar Holding Corporation
ITCI,Intra
ITIC,Investors Title Company
ITRI,"Itron, Inc."
ITRN,Ituran Location and Control Ltd.
IVAC,"Intevac, Inc."
IVAN,"Ivanhoe Energy, Inc."
IXYS,IXYS Corporation
JACK,Jack In The Box Inc.
JACQ,Collabrium Japan Acquisition Corporation
JACQU,Collabrium Japan Acquisition Corporation
JACQW,Collabrium Japan Acquisition Corporation
JAKK,"JAKKS Pacific, Inc."
JASN,"Jason Industries, Inc."
JASNW,"Jason Industries, Inc."
JASO,"JA Solar Holdings, Co., Ltd."
JAXB,"Jacksonville Bancorp, Inc."
JAZZ,Jazz Pharmaceuticals plc
JBHT,"J.B. Hunt Transport Services, Inc."
JBLU,JetBlue Airways Corporation
JBSS,"John B. Sanfilippo & Son, Inc."
JCOM,"j2 Global, Inc."
JCS,"Communications Systems, Inc."
JCTCF,Jewett
JD,"JD.com, Inc."
JDSU,JDS Uniphase Corporation
JGBB,WisdomTree Japan Interest Rate Strategy Fund
JIVE,"Jive Software, Inc."
JJSF,J & J Snack Foods Corp.
JKHY,"Jack Henry & Associates, Inc."
JMBA,"Jamba, Inc."
JOBS,"51job, Inc."
JOEZ,Joe's Jeans Inc.
JOUT,Johnson Outdoors Inc.
JRJC,China Finance Online Co. Limited
JRVR,"James River Group Holdings, Ltd."
JSM,SLM Corporation
JST,Jinpan International Limited
JTPY,JetPay Corporation
JUNO,"Juno Therapeutics, Inc."
JVA,"Coffee Holding Co., Inc."
JXSB,Jacksonville Bancorp Inc.
JYNT,The Joint Corp.
KALU,Kaiser Aluminum Corporation
KANG,"iKang Healthcare Group, Inc."
KBAL,"Kimball International, Inc."
KBIO,"KaloBios Pharmaceuticals, Inc."
KBSF,KBS Fashion Group Limited
KCAP,"KCAP Financial, Inc."
KCLI,Kansas City Life Insurance Company
KE,"Kimball Electronics, Inc."
KELYA,"Kelly Services, Inc."
KELYB,"Kelly Services, Inc."
KEQU,Kewaunee Scientific Corporation
KERX,"Keryx Biopharmaceuticals, Inc."
KEYW,The KEYW Holding Corporation
KFFB,Kentucky First Federal Bancorp
KFRC,"Kforce, Inc."
KFX,Kofax Limited
KGJI,Kingold Jewelry Inc.
KIN,"Kindred Biosciences, Inc."
KINS,"Kingstone Companies, Inc"
KIRK,"Kirkland's, Inc."
KITE,"Kite Pharma, Inc."
KLAC,KLA
KLIC,"Kulicke and Soffa Industries, Inc."
KLXI,KLX Inc.
KMDA,Kamada Ltd.
KNDI,"Kandi Technologies Group, Inc."
KONA,"Kona Grill, Inc."
KONE,Kingtone Wirelessinfo Solution Holding Ltd
KOOL,Cesca Therapeutics Inc.
KOPN,Kopin Corporation
KOSS,Koss Corporation
KPTI,Karyopharm Therapeutics Inc.
KRFT,"Kraft Foods Group, Inc."
KRNY,Kearny Financial
KTCC,Key Tronic Corporation
KTEC,"Key Technology, Inc."
KTOS,"Kratos Defense & Security Solutions, Inc."
KTWO,"K2M Group Holdings, Inc."
KUTV,"Ku6 Media Co., Ltd."
KVHI,"KVH Industries, Inc."
KWEB,KraneShares CSI China Internet ETF
KYTH,"Kythera Biopharmaceuticals, Inc."
KZ,KongZhong Corporation
LABC,"Louisiana Bancorp, Inc."
LABL,Multi
LACO,"Lakes Entertainment, Inc."
LAKE,"Lakeland Industries, Inc."
LALT,PowerShares Actively Managed Exchange
LAMR,Lamar Advertising Company
LANC,Lancaster Colony Corporation
LAND,Gladstone Land Corporation
LARK,Landmark Bancorp Inc.
LAWS,"Lawson Products, Inc."
LAYN,Layne Christensen Company
LBAI,"Lakeland Bancorp, Inc."
LBIX,Leading Brands Inc
LBRDA,Liberty Broadband Corporation
LBRDK,Liberty Broadband Corporation
LBRKR,Liberty Broadband Corporation
LBTYA,Liberty Global plc
LBTYB,Liberty Global plc
LBTYK,Liberty Global plc
LCNB,LCNB Corporation
LCUT,"Lifetime Brands, Inc."
LDRH,LDR Holding Corporation
LDRI,PowerShares LadderRite 0
LE,"Lands' End, Inc."
LECO,"Lincoln Electric Holdings, Inc."
LEDS,SemiLEDS Corporation
LEVY,Levy Acquisition Corp.
LEVYU,Levy Acquisition Corp.
LEVYW,Levy Acquisition Corp.
LFUS,"Littelfuse, Inc."
LFVN,Lifevantage Corporation
LGCY,Legacy Reserves LP
LGCYO,Legacy Reserves LP
LGCYP,Legacy Reserves LP
LGIH,"LGI Homes, Inc."
LGND,Ligand Pharmaceuticals Incorporated
LHCG,LHC Group
LIME,Lime Energy Co.
LINC,Lincoln Educational Services Corporation
LINE,"Linn Energy, LLC"
LION,Fidelity Southern Corporation
LIOX,"Lionbridge Technologies, Inc."
LIQD,"Liquid Holdings Group, Inc."
LIVE,"LiveDeal, Inc."
LJPC,La Jolla Pharmaceutical Company
LKFN,Lakeland Financial Corporation
LKQ,LKQ Corporation
LLEX,"Lilis Energy, Inc."
LLNW,"Limelight Networks, Inc."
LLTC,Linear Technology Corporation
LMAT,"LeMaitre Vascular, Inc."
LMBS,First Trust Low Duration Mortgage Opportunities ETF
LMCA,Liberty Media Corporation
LMCB,Liberty Media Corporation
LMCK,Liberty Media Corporation
LMIA,"LMI Aerospace, Inc."
LMNR,Limoneira Co
LMNS,Lumenis Ltd.
LMNX,Luminex Corporation
LMOS,Lumos Networks Corp.
LMRK,Landmark Infrastructure Partners LP
LNBB,"LNB Bancorp, Inc."
LNCE,Snyder's
LNCO,"Linn Co, LLC"
LNDC,Landec Corporation
LOAN,"Manhattan Bridge Capital, Inc"
LOCM,Local Corporation
LOCO,"El Pollo Loco Holdings, Inc."
LOGI,Logitech International S.A.
LOGM,"LogMein, Inc."
LOJN,LoJack Corporation
LONG,"eLong, Inc."
LOOK,"LookSmart, Ltd."
LOPE,"Grand Canyon Education, Inc."
LORL,"Loral Space and Communications, Inc."
LOXO,"Loxo Oncology, Inc."
LPCN,Lipocine Inc.
LPHI,Life Partners Holdings Inc
LPLA,LPL Financial Holdings Inc.
LPNT,"LifePoint Hospitals, Inc."
LPSB,"LaPorte Bancorp, Inc."
LPSN,"LivePerson, Inc."
LPTH,"LightPath Technologies, Inc."
LPTN,"Lpath, Inc."
LQDT,"Liquidity Services, Inc."
LRAD,LRAD Corporation
LRCX,Lam Research Corporation
LSBK,"Lake Shore Bancorp, Inc."
LSCC,Lattice Semiconductor Corporation
LSTR,"Landstar System, Inc."
LTBR,Lightbridge Corporation
LTRE,"Learning Tree International, Inc."
LTRPA,"Liberty TripAdvisor Holdings, Inc."
LTRPB,"Liberty TripAdvisor Holdings, Inc."
LTRX,"Lantronix, Inc."
LTXB,"LegacyTexas Financial Group, Inc."
LULU,lululemon athletica inc.
LUNA,Luna Innovations Incorporated
LVNTA,Liberty Interactive Corporation
LVNTB,Liberty Interactive Corporation
LWAY,"Lifeway Foods, Inc."
LXRX,"Lexicon Pharmaceuticals, Inc."
LYTS,LSI Industries Inc.
MACK,"Merrimack Pharmaceuticals, Inc."
MAG,"Magnetek, Inc."
MAGS,Magal Security Systems Ltd.
MAMS,"MAM Software Group, Inc."
MANH,"Manhattan Associates, Inc."
MANT,ManTech International Corporation
MAR,Marriott International
MARA,"Marathon Patent Group, Inc."
MARK,"Remark Media, Inc."
MARPS,Marine Petroleum Trust
MASI,Masimo Corporation
MAT,"Mattel, Inc."
MATR,Mattersight Corporation
MATW,Matthews International Corporation
MAYS,"J. W. Mays, Inc."
MBCN,Middlefield Banc Corp.
MBFI,MB Financial Inc.
MBFIP,MB Financial Inc.
MBII,"Marrone Bio Innovations, Inc."
MBLX,"Metabolix, Inc."
MBRG,Middleburg Financial Corporation
MBSD,FlexShares Disciplined Duration MBS Index Fund
MBTF,M B T Financial Corp
MBUU,"Malibu Boats, Inc."
MBVT,"Merchants Bancshares, Inc."
MBWM,Mercantile Bank Corporation
MCBC,Macatawa Bank Corporation
MCBK,"Madison County Financial, Inc."
MCEP,Mid
MCGC,MCG Capital Corporation
MCHP,Microchip Technology Incorporated
MCHX,"Marchex, Inc."
MCOX,Mecox Lane Limited
MCRI,"Monarch Casino & Resort, Inc."
MCRL,"Micrel, Incorporated"
MCUR,Macrocure Ltd.
MDAS,"MedAssets, Inc."
MDCA,MDC Partners Inc.
MDCO,The Medicines Company
MDIV,First Trust Exchange
MDLZ,"Mondelez International, Inc."
MDM,Mountain Province Diamonds Inc.
MDRX,"Allscripts Healthcare Solutions, Inc."
MDSO,"Medidata Solutions, Inc."
MDSY,"BluePhoenix Solutions, Ltd."
MDVN,"Medivation, Inc."
MDVXU,Medovex Corp.
MDWD,MediWound Ltd.
MDXG,"MiMedx Group, Inc"
MEET,"MeetMe, Inc."
MEIL,Methes Energies International Ltd
MEILW,Methes Energies International Ltd
MEILZ,Methes Energies International Ltd
MEIP,"MEI Pharma, Inc."
MELA,"MELA Sciences, Inc"
MELI,"MercadoLibre, Inc."
MELR,"Melrose Bancorp, Inc."
MEMP,Memorial Production Partners LP
MENT,Mentor Graphics Corporation
MEOH,Methanex Corporation
MERC,Mercer International Inc.
MERU,"Meru Networks, Inc."
METR,"Metro Bancorp, Inc"
MFI,MicroFinancial Incorporated
MFLX,Multi
MFNC,Mackinac Financial Corporation
MFRI,"MFRI, Inc."
MFRM,Mattress Firm Holding Corp.
MFSF,MutualFirst Financial Inc.
MGCD,MGC Diagnostics Corporation
MGEE,MGE Energy Inc.
MGI,"Moneygram International, Inc."
MGIC,Magic Software Enterprises Ltd.
MGLN,"Magellan Health, Inc."
MGNX,"MacroGenics, Inc."
MGPI,"MGP Ingredients, Inc."
MGRC,McGrath RentCorp
MGYR,"Magyar Bancorp, Inc."
MHGC,Morgans Hotel Group Co.
MHLD,"Maiden Holdings, Ltd."
MHLDO,"Maiden Holdings, Ltd."
MICT,"Micronet Enertec Technologies, Inc."
MICTW,"Micronet Enertec Technologies, Inc."
MIDD,The Middleby Corporation
MIFI,"Novatel Wireless, Inc."
MIK,"The Michaels Companies, Inc."
MIND,"Mitcham Industries, Inc."
MINI,"Mobile Mini, Inc."
MITK,"Mitek Systems, Inc."
MITL,Mitel Networks Corporation
MKSI,"MKS Instruments, Inc."
MKTO,"Marketo, Inc."
MKTX,"MarketAxess Holdings, Inc."
MLAB,"Mesa Laboratories, Inc."
MLHR,"Herman Miller, Inc."
MLNK,"ModusLink Global Solutions, Inc"
MLNX,"Mellanox Technologies, Ltd."
MLVF,"Malvern Bancorp, Inc."
MMAC,"MMA Capital Management, LLC"
MMLP,Martin Midstream Partners L.P.
MMSI,"Merit Medical Systems, Inc."
MMYT,MakeMyTrip Limited
MNDL,"Mandalay Digital Group, Inc"
MNDO,MIND C.T.I. Ltd.
MNGA,MagneGas Corporation
MNKD,MannKind Corporation
MNOV,"MediciNova, Inc."
MNRK,"Monarch Financial Holdings, Inc."
MNRO,"Monro Muffler Brake, Inc."
MNST,Monster Beverage Corporation
MNTA,"Momenta Pharmaceuticals, Inc."
MNTX,"Manitex International, Inc."
MOBI,Sky
MOBL,"MobileIron, Inc."
MOCO,"MOCON, Inc."
MOFG,"MidWestOne Financial Group, Inc."
MOKO,MOKO Social Media Ltd.
MOLG,"MOL Global, Inc."
MOMO,Momo Inc.
MORN,"Morningstar, Inc."
MOSY,"MoSys, Inc."
MPAA,"Motorcar Parts of America, Inc."
MPB,Mid Penn Bancorp
MPEL,Melco Crown Entertainment Limited
MPET,Magellan Petroleum Corporation
MPWR,"Monolithic Power Systems, Inc."
MRCC,Monroe Capital Corporation
MRCY,Mercury Systems Inc
MRD,Memorial Resource Development Corp.
MRGE,Merge Healthcare Incorporated.
MRKT,Markit Ltd.
MRLN,Marlin Business Services Corp.
MRNS,"Marinus Pharmaceuticals, Inc."
MRTN,"Marten Transport, Ltd."
MRTX,"Mirati Therapeutics, Inc."
MRVC,"MRV Communications, Inc."
MRVL,Marvell Technology Group Ltd.
MSBF,MSB Financial Corp.
MSCC,Microsemi Corporation
MSEX,Middlesex Water Company
MSFG,"MainSource Financial Group, Inc."
MSFT,Microsoft Corporation
MSG,The Madison Square Garden Company
MSLI,Merus Labs International Inc.
MSON,"MISONIX, Inc."
MSTR,MicroStrategy Incorporated
MTBC,"Medical Transcription Billing, Corp."
MTEX,"Mannatech, Incorporated"
MTGE,American Capital Mortgage Investment Corp.
MTGEP,American Capital Mortgage Investment Corp.
MTLS,Materialise NV
MTRX,Matrix Service Company
MTSC,MTS Systems Corporation
MTSI,M/A
MTSL,MER Telemanagement Solutions Ltd.
MTSN,"Mattson Technology, Inc."
MU,"Micron Technology, Inc."
MULT,AdvisorShares Sunrise Global Multi
MVIS,"Microvision, Inc."
MWIV,"MWI Veterinary Supply, Inc."
MXIM,"Maxim Integrated Products, Inc."
MXWL,"Maxwell Technologies, Inc."
MYGN,"Myriad Genetics, Inc."
MYL,Mylan Inc.
MYOS,MYOS Corporation
MYRG,"MYR Group, Inc."
MZOR,Mazor Robotics Ltd.
NAII,"Natural Alternatives International, Inc."
NAME,"Rightside Group, Ltd."
NANO,Nanometrics Incorporated
NATH,"Nathan's Famous, Inc."
NATI,National Instruments Corporation
NATL,National Interstate Corporation
NATR,"Nature's Sunshine Products, Inc."
NAUH,"National American University Holdings, Inc."
NAVG,"The Navigators Group, Inc."
NAVI,Navient Corporation
NBBC,NewBridge Bancorp
NBIX,"Neurocrine Biosciences, Inc."
NBN,Northeast Bancorp
NBS,"Neostem, Inc."
NBTB,NBT Bancorp Inc.
NBTF,NB&T FINANCIAL GROUP INC
NCIT,"NCI, Inc."
NCLH,Norwegian Cruise Line Holdings Ltd.
NCMI,"National CineMedia, Inc."
NCTY,The9 Limited
NDAQ,"The NASDAQ OMX Group, Inc."
NDLS,Noodles & Company
NDRM,NeuroDerm Ltd.
NDSN,Nordson Corporation
NECB,"Northeast Community Bancorp, Inc."
NEO,"NeoGenomics, Inc."
NEOG,Neogen Corporation
NEON,Neonode Inc.
NEOT,"Neothetics, Inc."
NEPT,Neptune Technologies & Bioresources Inc
NERV,"Minerva Neurosciences, Inc"
NETE,"Net Element, Inc."
NEWP,Newport Corporation
NEWS,"NewStar Financial, Inc."
NEWT,Newtek Business Services Corp.
NFBK,"Northfield Bancorp, Inc."
NFEC,NF Energy Saving Corporation
NFLX,"Netflix, Inc."
NGHC,National General Holdings Corp
NGHCP,National General Holdings Corp
NHTB,"New Hampshire Thrift Bancshares, Inc."
NICE,NICE
NICK,"Nicholas Financial, Inc."
NILE,"Blue Nile, Inc."
NKSH,"National Bankshares, Inc."
NKTR,Nektar Therapeutics
NLNK,NewLink Genetics Corporation
NLST,"Netlist, Inc."
NMIH,NMI Holdings Inc
NMRX,Numerex Corp.
NNBR,"NN, Inc."
NPBC,"National Penn Bancshares, Inc."
NPSP,"NPS Pharmaceuticals, Inc."
NRCIA,National Research Corporation
NRCIB,National Research Corporation
NRIM,Northrim BanCorp Inc
NRX,"NephroGenex, Inc."
NSEC,"National Security Group, Inc."
NSIT,"Insight Enterprises, Inc."
NSPH,"Nanosphere, Inc."
NSSC,"NAPCO Security Technologies, Inc."
NSTG,"NanoString Technologies, Inc."
NSYS,Nortech Systems Incorporated
NTAP,"NetApp, Inc."
NTCT,"NetScout Systems, Inc."
NTES,"NetEase, Inc."
NTGR,"NETGEAR, Inc."
NTIC,Northern Technologies International Corporation
NTK,Nortek Inc.
NTLS,NTELOS Holdings Corp.
NTRI,NutriSystem Inc
NTRS,Northern Trust Corporation
NTRSP,Northern Trust Corporation
NTWK,NetSol Technologies Inc.
NUAN,"Nuance Communications, Inc."
NURO,"NeuroMetrix, Inc."
NUTR,Nutraceutical International Corporation
NUVA,"NuVasive, Inc."
NVAX,"Novavax, Inc."
NVCN,Neovasc Inc.
NVDA,NVIDIA Corporation
NVDQ,Novadaq Technologies Inc
NVEC,NVE Corporation
NVEE,"NV5 Holdings, Inc."
NVEEW,"NV5 Holdings, Inc."
NVFY,"Nova Lifestyle, Inc"
NVGN,Novogen Limited
NVMI,Nova Measuring Instruments Ltd.
NVSL,Naugatuck Valley Financial Corporation
NWBI,"Northwest Bancshares, Inc."
NWBO,"Northwest Biotherapeutics, Inc."
NWBOW,"Northwest Biotherapeutics, Inc."
NWFL,Norwood Financial Corp.
NWLI,National Western Life Insurance Company
NWPX,Northwest Pipe Company
NWS,News Corporation
NWSA,News Corporation
NXPI,NXP Semiconductors N.V.
NXST,"Nexstar Broadcasting Group, Inc."
NXTD,NXT
NXTDW,NXT
NXTM,"NxStage Medical, Inc."
NYMT,"New York Mortgage Trust, Inc."
NYMTP,"New York Mortgage Trust, Inc."
NYMX,Nymox Pharmaceutical Corporation
NYNY,"Empire Resorts, Inc."
OBAS,Optibase Ltd.
OBCI,Ocean Bio
OCC,Optical Cable Corporation
OCFC,OceanFirst Financial Corp.
OCLR,"Oclaro, Inc."
OCLS,"Oculus Innovative Sciences, Inc."
OCRX,"Ocera Therapeutics, Inc."
OCUL,"Ocular Therapeutix, Inc."
ODFL,"Old Dominion Freight Line, Inc."
ODP,"Office Depot, Inc."
OFED,Oconee Federal Financial Corp.
OFIX,Orthofix International N.V.
OFLX,"Omega Flex, Inc."
OFS,OFS Capital Corporation
OGXI,OncoGenex Pharmaceuticals Inc.
OHAI,OHA Investment Corporation
OHGI,"One Horizon Group, Inc."
OHRP,"Ohr Pharmaceuticals, Inc."
OIIM,O2Micro International Limited
OKSB,"Southwest Bancorp, Inc."
OLBK,"Old Line Bancshares, Inc."
OLED,Universal Display Corporation
OMAB,Grupo Aeroportuario del Centro Norte S.A.B. de C.V.
OMCL,"Omnicell, Inc."
OMED,"OncoMed Pharmaceuticals, Inc."
OMER,Omeros Corporation
OMEX,"Odyssey Marine Exploration, Inc."
ONB,Old National Bancorp
ONCY,"Oncolytics Biotech, Inc."
ONEQ,Fidelity Nasdaq Composite Index Tracking Stock
ONFC,Oneida Financial Corp.
ONNN,ON Semiconductor Corporation
ONTX,"Onconova Therapeutics, Inc."
ONTY,Oncothyreon Inc.
ONVI,"Onvia, Inc."
OPB,Opus Bank
OPHC,"OptimumBank Holdings, Inc."
OPHT,Ophthotech Corporation
OPOF,Old Point Financial Corporation
OPTT,"Ocean Power Technologies, Inc."
OPXA,"Opexa Therapeutics, Inc."
ORBC,ORBCOMM Inc.
ORBK,Orbotech Ltd.
OREX,"Orexigen Therapeutics, Inc."
ORIG,Ocean Rig UDW Inc.
ORIT,Oritani Financial Corp.
ORLY,"O'Reilly Automotive, Inc."
ORMP,Oramed Pharmaceuticals Inc.
ORPN,Bio Blast Pharma Ltd.
ORRF,Orrstown Financial Services Inc
OSBC,"Old Second Bancorp, Inc."
OSBCP,"Old Second Bancorp, Inc."
OSHC,Ocean Shore Holding Co.
OSIR,"Osiris Therapeutics, Inc."
OSIS,"OSI Systems, Inc."
OSM,SLM Corporation
OSN,"Ossen Innovation Co., Ltd."
OSTK,"Overstock.com, Inc."
OSUR,"OraSure Technologies, Inc."
OTEL,Otelco Inc.
OTEX,Open Text Corporation
OTIC,"Otonomy, Inc."
OTIV,On Track Innovations Ltd
OTTR,Otter Tail Corporation
OUTR,Outerwall Inc.
OVAS,OvaScience Inc.
OVBC,Ohio Valley Banc Corp.
OVLY,Oak Valley Bancorp (CA)
OVTI,"OmniVision Technologies, Inc."
OXBR,Oxbridge Re Holdings Limited
OXBRW,Oxbridge Re Holdings Limited
OXFD,Oxford Immunotec Global PLC
OXGN,"OXiGENE, Inc."
OXLC,Oxford Lane Capital Corp.
OXLCN,Oxford Lane Capital Corp.
OXLCO,Oxford Lane Capital Corp.
OXLCP,Oxford Lane Capital Corp.
OZRK,Bank of the Ozarks
PAAS,Pan American Silver Corp.
PACB,"Pacific Biosciences of California, Inc."
PACW,PacWest Bancorp
PAGG,PowerShares Global Agriculture Portfolio
PAHC,Phibro Animal Health Corporation
PANL,Pangaea Logistics Solutions Ltd.
PARN,Parnell Pharmaceuticals Holdings Ltd
PATIV,"New Patriot Transportation Holding, Inc."
PATK,"Patrick Industries, Inc."
PAYX,"Paychex, Inc."
PBCP,"Polonia Bancorp, Inc."
PBCT,"People's United Financial, Inc."
PBHC,"Pathfinder Bancorp, Inc."
PBIB,"Porter Bancorp, Inc."
PBIP,"Prudential Bancorp, Inc."
PBMD,Prima BioMed Ltd
PBPB,Potbelly Corporation
PBSK,"Poage Bankshares, Inc."
PCAR,PACCAR Inc.
PCBK,Pacific Continental Corporation (Ore)
PCCC,"PC Connection, Inc."
PCH,Potlatch Corporation
PCLN,The Priceline Group Inc.
PCMI,"PCM, Inc."
PCO,Pendrell Corporation
PCOM,"Points International, Ltd."
PCRX,"Pacira Pharmaceuticals, Inc."
PCTI,PC
PCTY,Paylocity Holding Corporation
PCYC,"Pharmacyclics, Inc."
PCYG,"Park City Group, Inc."
PCYO,Pure Cycle Corporation
PDBC,PowerShares DB Optimum Yield Diversified Commodity Strategy Portfolio
PDCE,"PDC Energy, Inc."
PDCO,"Patterson Companies, Inc."
PDEX,Pro
PDFS,"PDF Solutions, Inc."
PDII,"PDI, Inc."
PDLI,"PDL BioPharma, Inc."
PEBK,"Peoples Bancorp of North Carolina, Inc."
PEBO,Peoples Bancorp Inc.
PEGA,Pegasystems Inc.
PEGI,Pattern Energy Group Inc.
PEIX,"Pacific Ethanol, Inc."
PENN,"Penn National Gaming, Inc."
PENX,Penford Corporation
PEOP,"Peoples Federal Bancshares, Inc."
PERF,"Perfumania Holdings, Inc"
PERI,Perion Network Ltd
PERY,Perry Ellis International Inc.
PESI,Perma
PETM,"PetSmart, Inc"
PETS,"PetMed Express, Inc."
PETX,"Aratana Therapeutics, Inc."
PFBC,Preferred Bank
PFBI,"Premier Financial Bancorp, Inc."
PFBX,Peoples Financial Corporation
PFIE,"Profire Energy, Inc."
PFIN,"P & F Industries, Inc."
PFIS,Peoples Financial Services Corp.
PFLT,PennantPark Floating Rate Capital Ltd.
PFMT,Performant Financial Corporation
PFPT,"Proofpoint, Inc."
PFSW,"PFSweb, Inc."
PGC,Peapack
PGNX,Progenics Pharmaceuticals Inc.
PGTI,"PGT, Inc."
PHII,"PHI, Inc."
PHIIK,"PHI, Inc."
PHMD,"PhotoMedex, Inc."
PICO,PICO Holdings Inc.
PIH,"1347 Property Insurance Holdings, Inc."
PINC,"Premier, Inc."
PKBK,"Parke Bancorp, Inc."
PKOH,Park
PKT,"Procera Networks, Inc."
PLAB,"Photronics, Inc."
PLAY,"Dave & Buster's Entertainment, Inc."
PLBC,Plumas Bancorp
PLCE,"Children's Place, Inc. (The)"
PLCM,"Polycom, Inc."
PLKI,"Popeyes Louisiana Kitchen, Inc."
PLMT,"Palmetto Bancshares, Inc. (SC)"
PLNR,"Planar Systems, Inc."
PLPC,Preformed Line Products Company
PLPM,"Planet Payment, Inc."
PLTM,First Trust ISE Global Platinum Index Fund
PLUG,"Plug Power, Inc."
PLUS,ePlus inc.
PLXS,Plexus Corp.
PMBC,Pacific Mercantile Bancorp
PMCS,PMC
PMD,Psychemedics Corporation
PME,Pingtan Marine Enterprise Ltd.
PMFG,"PMFG, Inc."
PNBK,Patriot National Bancorp Inc.
PNFP,"Pinnacle Financial Partners, Inc."
PNNT,PennantPark Investment Corporation
PNQI,PowerShares Nasdaq Internet Portfolio
PNRA,Panera Bread Company
PNRG,PrimeEnergy Corporation
PNTR,Pointer Telocation Ltd.
PODD,Insulet Corporation
POOL,Pool Corporation
POPE,Pope Resources
POWI,"Power Integrations, Inc."
POWL,"Powell Industries, Inc."
POZN,"Pozen, Inc."
PPBI,Pacific Premier Bancorp Inc
PPC,Pilgrim's Pride Corporation
PPHM,Peregrine Pharmaceuticals Inc.
PPHMP,Peregrine Pharmaceuticals Inc.
PPSI,"Pioneer Power Solutions, Inc."
PRAA,"PRA Group, Inc."
PRAH,"PRA Health Sciences, Inc."
PRAN,Prana Biotechnology Ltd
PRCP,"Perceptron, Inc."
PRFT,"Perficient, Inc."
PRFZ,PowerShares FTSE RAFI US 1500 Small
PRGN,Paragon Shipping Inc.
PRGNL,Paragon Shipping Inc.
PRGS,Progress Software Corporation
PRGX,"PRGX Global, Inc."
PRIM,Primoris Services Corporation
PRKR,"ParkerVision, Inc."
PRLS,Peerless Systems Corporation
PRMW,Primo Water Corporation
PROV,"Provident Financial Holdings, Inc."
PRPH,"ProPhase Labs, Inc."
PRQR,ProQR Therapeutics N.V.
PRSC,The Providence Service Corporation
PRSS,CafePress Inc.
PRTA,Prothena Corporation plc
PRTK,"Paratek Pharmaceuticals, Inc."
PRTO,"Proteon Therapeutics, Inc."
PRTS,"U.S. Auto Parts Network, Inc."
PRXI,"Premier Exhibitions, Inc."
PRXL,PAREXEL International Corporation
PSAU,PowerShares Global Gold & Precious Metals Portfolio
PSBH,"PSB Holdings, Inc."
PSCC,PowerShares S&P SmallCap Consumer Staples Portfolio
PSCD,PowerShares S&P SmallCap Consumer Discretionary Portfolio
PSCE,PowerShares S&P SmallCap Energy Portfolio
PSCF,PowerShares S&P SmallCap Financials Portfolio
PSCH,PowerShares S&P SmallCap Health Care Portfolio
PSCI,PowerShares S&P SmallCap Industrials Portfolio
PSCM,PowerShares S&P SmallCap Materials Portfolio
PSCT,PowerShares S&P SmallCap Information Technology Portfolio
PSCU,PowerShares S&P SmallCap Utilities Portfolio
PSDV,pSivida Corp.
PSEC,Prospect Capital Corporation
PSEM,Pericom Semiconductor Corporation
PSIX,"Power Solutions International, Inc."
PSMT,"PriceSmart, Inc."
PSTB,Park Sterling Corporation
PSTI,"Pluristem Therapeutics, Inc."
PSTR,PostRock Energy Corporation
PSUN,"Pacific Sunwear of California, Inc."
PTBI,"PlasmaTech Biopharmaceuticals, Inc."
PTBIW,"PlasmaTech Biopharmaceuticals, Inc."
PTC,PTC Inc.
PTCT,"PTC Therapeutics, Inc."
PTEN,Patterson
PTIE,Pain Therapeutics
PTLA,"Portola Pharmaceuticals, Inc."
PTNR,Partner Communications Company Ltd.
PTNT,Internet Patents Corporation
PTRY,"The Pantry, Inc."
PTSI,"P.A.M. Transportation Services, Inc."
PTX,"Pernix Therapeutics Holdings, Inc."
PULB,Pulaski Financial Corp.
PVTB,"PrivateBancorp, Inc."
PVTBP,"PrivateBancorp, Inc."
PWOD,"Penns Woods Bancorp, Inc."
PWRD,"Perfect World Co., Ltd."
PWX,Providence and Worcester Railroad Company
PXLW,"Pixelworks, Inc."
PZZA,"Papa John'S International, Inc."
QABA,First Trust NASDAQ ABA Community Bank Index Fund
QADA,QAD Inc.
QADB,QAD Inc.
QAT,iShares MSCI Qatar Capped ETF
QBAK,Qualstar Corporation
QCCO,"QC Holdings, Inc."
QCLN,First Trust NASDAQ Clean Edge Green Energy Index Fund
QCOM,QUALCOMM Incorporated
QCRH,"QCR Holdings, Inc."
QDEL,Quidel Corporation
QGEN,Qiagen N.V.
QINC,First Trust RBA Quality Income ETF
QIWI,QIWI plc
QKLS,"QKL Stores, Inc."
QLGC,QLogic Corporation
QLIK,Qlik Technologies Inc.
QLTI,QLT Inc.
QLTY,"Quality Distribution, Inc."
QLYS,"Qualys, Inc."
QNST,"QuinStreet, Inc."
QQEW,First Trust NASDAQ
QQQ,"PowerShares QQQ Trust, Series 1"
QQQC,Global X NASDAQ China Technology ETF
QQQX,Nuveen NASDAQ 100 Dynamic Overwrite Fund
QQXT,First Trust NASDAQ
QRHC,Quest Resource Holding Corporation.
QRVO,"Qorvo, Inc."
QSII,"Quality Systems, Inc."
QTEC,First Trust NASDAQ
QTNT,Quotient Limited
QTNTW,Quotient Limited
QTWW,"Quantum Fuel Systems Technologies Worldwide, Inc."
QUIK,QuickLogic Corporation
QUMU,Qumu Corporation
QUNR,Qunar Cayman Islands Limited
QURE,uniQure N.V.
QVCA,Liberty Interactive Corporation
QVCB,Liberty Interactive Corporation
QYLD,Recon Capital NASDAQ
RADA,Rada Electronics Industries Limited
RAIL,"Freightcar America, Inc."
RAND,Rand Capital Corporation
RARE,Ultragenyx Pharmaceutical Inc.
RAVE,"Rave Restaurant Group, Inc."
RAVN,"Raven Industries, Inc."
RBCAA,"Republic Bancorp, Inc."
RBCN,"Rubicon Technology, Inc."
RBPAA,"Royal Bancshares of Pennsylvania, Inc."
RCII,Rent
RCKY,"Rocky Brands, Inc."
RCMT,"RCM Technologies, Inc."
RCON,"Recon Technology, Ltd."
RCPI,"Rock Creek Pharmaceuticals, Inc."
RCPT,"Receptos, Inc."
RDCM,Radcom Ltd.
RDEN,"Elizabeth Arden, Inc."
RDHL,Redhill Biopharma Ltd.
RDI,Reading International Inc
RDIB,Reading International Inc
RDNT,"RadNet, Inc."
RDUS,"Radius Health, Inc."
RDVY,First Trust NASDAQ Rising Dividend Achievers ETF
RDWR,Radware Ltd.
RECN,"Resources Connection, Inc."
REDF,Rediff.com India Limited
REFR,Research Frontiers Incorporated
REGI,"Renewable Energy Group, Inc."
REGN,"Regeneron Pharmaceuticals, Inc."
REIS,"Reis, Inc"
RELL,"Richardson Electronics, Ltd."
RELV,"Reliv' International, Inc."
REMY,"Remy International, Inc."
RENT,Rentrak Corporation
REPH,"Recro Pharma, Inc."
RESN,Resonant Inc.
REXI,"Resource America, Inc."
REXX,Rex Energy Corporation
RFIL,"RF Industries, Ltd."
RGCO,RGC Resources Inc.
RGDO,"Regado BioSciences, Inc."
RGDX,"Response Genetics, Inc."
RGEN,Repligen Corporation
RGLD,"Royal Gold, Inc."
RGLS,Regulus Therapeutics Inc.
RGSE,"Real Goods Solar, Inc."
RIBT,RiceBran Technologies
RIBTW,RiceBran Technologies
RICK,"RCI Hospitality Holdings, Inc."
RIGL,"Rigel Pharmaceuticals, Inc."
RITT,RIT Technologies Ltd.
RITTW,RIT Technologies Ltd.
RIVR,River Valley Bancorp.
RJET,"Republic Airways Holdings, Inc."
RLJE,"RLJ Entertainment, Inc."
RLOC,"ReachLocal, Inc."
RLOG,"Rand Logistics, Inc."
RLYP,"Relypsa, Inc."
RMBS,"Rambus, Inc."
RMCF,"Rocky Mountain Chocolate Factory, Inc."
RMGN,RMG Networks Holding Corporation
RMTI,"Rockwell Medical, Inc."
RNA,Prosensa Holding N.V.
RNET,"RigNet, Inc."
RNST,Renasant Corporation
RNWK,"RealNetworks, Inc."
ROBO,Robo
ROCK,"Gibraltar Industries, Inc."
ROIA,"Radio One, Inc."
ROIAK,"Radio One, Inc."
ROIC,Retail Opportunity Investments Corp.
ROIQ,ROI Acquisition Corp. II
ROIQU,ROI Acquisition Corp. II
ROIQW,ROI Acquisition Corp. II
ROKA,"Roka Bioscience, Inc."
ROLL,RBC Bearings Incorporated
ROSE,Rosetta Resources Inc.
ROSG,Rosetta Genomics Ltd.
ROST,"Ross Stores, Inc."
ROVI,Rovi Corporation
ROYL,"Royale Energy, Inc."
RP,"RealPage, Inc."
RPRX,Repros Therapeutics Inc.
RPRXW,Repros Therapeutics Inc.
RPRXZ,Repros Therapeutics Inc.
RPTP,Raptor Pharmaceutical Corp.
RPXC,RPX Corporation
RRD,R.R. Donnelley & Sons Company
RRGB,"Red Robin Gourmet Burgers, Inc."
RRST,RRSat Global Communications Network Ltd.
RSTI,Rofin
RSYS,RadiSys Corporation
RTGN,"Ruthigen, Inc."
RTIX,"RTI Surgical, Inc."
RTK,"Rentech, Inc."
RTRX,"Retrophin, Inc."
RUSHA,"Rush Enterprises, Inc."
RUSHB,"Rush Enterprises, Inc."
RUTH,"Ruth's Hospitality Group, Inc."
RVBD,"Riverbed Technology, Inc."
RVLT,"Revolution Lighting Technologies, Inc."
RVNC,"Revance Therapeutics, Inc."
RVSB,Riverview Bancorp Inc
RWLK,ReWalk Robotics Ltd
RXDX,"Ignyta, Inc."
RXII,RXi Pharmaceuticals Corporation
RYAAY,Ryanair Holdings plc
SAAS,"inContact, Inc."
SABR,Sabre Corporation
SAEX,"SAExploration Holdings, Inc."
SAFM,"Sanderson Farms, Inc."
SAFT,"Safety Insurance Group, Inc."
SAGE,"Sage Therapeutics, Inc."
SAIA,"Saia, Inc."
SAJA,"Sajan, Inc."
SAL,"Salisbury Bancorp, Inc."
SALE,"RetailMeNot, Inc."
SALM,Salem Communications Corporation
SAMG,Silvercrest Asset Management Group Inc.
SANM,Sanmina Corporation
SANW,S&W Seed Company
SANWZ,S&W Seed Company
SAPE,Sapient Corporation
SASR,"Sandy Spring Bancorp, Inc."
SATS,EchoStar Corporation
SAVE,"Spirit Airlines, Inc."
SBAC,SBA Communications Corporation
SBBX,Sussex Bancorp
SBCF,Seacoast Banking Corporation of Florida
SBCP,"Sunshine Bancorp, Inc."
SBFG,"SB Financial Group, Inc."
SBGI,"Sinclair Broadcast Group, Inc."
SBLK,Star Bulk Carriers Corp.
SBLKL,Star Bulk Carriers Corp.
SBNY,Signature Bank
SBNYW,Signature Bank
SBRA,"Sabra Healthcare REIT, Inc."
SBRAP,"Sabra Healthcare REIT, Inc."
SBSA,"Spanish Broadcasting System, Inc."
SBSI,"Southside Bancshares, Inc."
SBUX,Starbucks Corporation
SCAI,"Surgical Care Affiliates, Inc."
SCHL,Scholastic Corporation
SCHN,"Schnitzer Steel Industries, Inc."
SCLN,"SciClone Pharmaceuticals, Inc."
SCMP,"Sucampo Pharmaceuticals, Inc."
SCOK,"SinoCoking Coal and Coke Chemical Industries, Inc"
SCON,Superconductor Technologies Inc.
SCOR,"comScore, Inc."
SCSC,"ScanSource, Inc."
SCSS,Select Comfort Corporation
SCTY,SolarCity Corporation
SCVL,"Shoe Carnival, Inc."
SCYX,"SCYNEXIS, Inc."
SEAC,"SeaChange International, Inc."
SEED,Origin Agritech Limited
SEIC,SEI Investments Company
SEMI,SunEdison Semiconductor Limited
SENEA,Seneca Foods Corp.
SENEB,Seneca Foods Corp.
SEV,"Sevcon, Inc."
SFBC,"Sound Financial Bancorp, Inc."
SFBS,"ServisFirst Bancshares, Inc."
SFLY,"Shutterfly, Inc."
SFM,"Sprouts Farmers Market, Inc."
SFNC,Simmons First National Corporation
SFST,"Southern First Bancshares, Inc."
SFXE,"SFX Entertainment, Inc."
SGBK,Stonegate Bank
SGC,"Superior Uniform Group, Inc."
SGEN,"Seattle Genetics, Inc."
SGI,Silicon Graphics International Corp
SGMA,"SigmaTron International, Inc."
SGMO,"Sangamo BioSciences, Inc."
SGMS,Scientific Games Corp
SGNL,"Signal Genetics, Inc."
SGNT,"Sagent Pharmaceuticals, Inc."
SGOC,"SGOCO Group, Ltd"
SGRP,"SPAR Group, Inc."
SGYP,"Synergy Pharmaceuticals, Inc."
SGYPU,"Synergy Pharmaceuticals, Inc."
SGYPW,"Synergy Pharmaceuticals, Inc."
SHBI,Shore Bancshares Inc
SHEN,Shenandoah Telecommunications Co
SHIP,Seanergy Maritime Holdings Corp
SHLD,Sears Holdings Corporation
SHLDW,Sears Holdings Corporation
SHLM,"A. Schulman, Inc."
SHLO,"Shiloh Industries, Inc."
SHOO,"Steven Madden, Ltd."
SHOR,"ShoreTel, Inc."
SHOS,"Sears Hometown and Outlet Stores, Inc."
SHPG,Shire plc
SIAL,Sigma
SIBC,"State Investors Bancorp, Inc."
SIEB,Siebert Financial Corp.
SIEN,"Sientra, Inc."
SIFI,"SI Financial Group, Inc."
SIFY,Sify Technologies Limited
SIGA,SIGA Technologies Inc.
SIGI,"Selective Insurance Group, Inc."
SIGM,"Sigma Designs, Inc."
SILC,Silicom Ltd
SIMG,"Silicon Image, Inc."
SIMO,Silicon Motion Technology Corporation
SINA,Sina Corporation
SINO,Sino
SIRI,Sirius XM Holdings Inc.
SIRO,"Sirona Dental Systems, Inc."
SIVB,SVB Financial Group
SIVBO,SVB Financial Group
SIXD,"6D Global Technologies, Inc."
SKBI,Skystar Bio
SKIS,"Peak Resorts, Inc."
SKOR,FlexShares Credit
SKUL,"Skullcandy, Inc."
SKYS,"Sky Solar Holdings, Ltd."
SKYW,"SkyWest, Inc."
SKYY,First Trust ISE Cloud Computing Index Fund
SLAB,"Silicon Laboratories, Inc."
SLCT,"Select Bancorp, Inc."
SLGN,Silgan Holdings Inc.
SLM,SLM Corporation
SLMAP,SLM Corporation
SLMBP,SLM Corporation
SLP,"Simulations Plus, Inc."
SLRC,Solar Capital Ltd.
SLTC,"Selectica, Inc."
SLVO,Credit Suisse AG
SLXP,"Salix Pharmaceuticals, Ltd."
SMAC,Sino Mercury Acquisition Corp.
SMACR,Sino Mercury Acquisition Corp.
SMACU,Sino Mercury Acquisition Corp.
SMBC,"Southern Missouri Bancorp, Inc."
SMCI,"Super Micro Computer, Inc."
SMED,Sharps Compliance Corp
SMIT,"Schmitt Industries, Inc."
SMLR,"Semler Scientific, Inc."
SMMF,"Summit Financial Group, Inc."
SMPL,Simplicity Bancorp Inc.
SMRT,"Stein Mart, Inc."
SMSI,"Smith Micro Software, Inc."
SMT,SMART Technologies Inc.
SMTC,Semtech Corporation
SMTP,"SMTP, Inc."
SMTX,SMTC Corporation
SNAK,"Inventure Foods, Inc."
SNBC,"Sun Bancorp, Inc."
SNC,"State National Companies, Inc."
SNCR,"Synchronoss Technologies, Inc."
SNDK,SanDisk Corporation
SNFCA,Security National Financial Corporation
SNHY,Sun Hydraulics Corporation
SNMX,"Senomyx, Inc."
SNPS,"Synopsys, Inc."
SNSS,"Sunesis Pharmaceuticals, Inc."
SNTA,Synta Pharmaceuticals Corp.
SOCB,Southcoast Financial Corporation
SOCL,Global X Social Media Index ETF
SODA,SodaStream International Ltd.
SOFO,"Sonic Foundry, Inc."
SOHO,Sotherly Hotels Inc.
SOHOL,Sotherly Hotels LP
SOHOM,Sotherly Hotels LP
SOHU,Sohu.com Inc.
SONA,"Southern National Bancorp of Virginia, Inc."
SONC,Sonic Corp.
SONS,"Sonus Networks, Inc."
SORL,"SORL Auto Parts, Inc."
SOXX,iShares PHLX SOX Semiconductor Sector Index Fund
SP,SP Plus Corporation
SPAN,Span
SPAR,"Spartan Motors, Inc."
SPCB,"SuperCom, Ltd."
SPDC,"Speed Commerce, Inc."
SPEX,Spherix Incorporated
SPHS,"Sophiris Bio, Inc."
SPIL,"Siliconware Precision Industries Company, Ltd."
SPKE,"Spark Energy, Inc."
SPLK,Splunk Inc.
SPLS,"Staples, Inc."
SPNC,The Spectranetics Corporation
SPNS,Sapiens International Corporation N.V.
SPOK,"Spok Holdings, Inc."
SPPI,"Spectrum Pharmaceuticals, Inc."
SPPR,"Supertel Hospitality, Inc."
SPPRO,"Supertel Hospitality, Inc."
SPPRP,"Supertel Hospitality, Inc."
SPRO,SmartPros Ltd.
SPRT,"support.com, Inc."
SPSC,"SPS Commerce, Inc."
SPTN,SpartanNash Company
SPU,"SkyPeople Fruit Juice, Inc."
SPWH,"Sportsman's Warehouse Holdings, Inc."
SPWR,SunPower Corporation
SQBG,"Sequential Brands Group, Inc."
SQBK,"Square 1 Financial, Inc."
SQI,"SciQuest, Inc."
SQNM,"Sequenom, Inc."
SQQQ,ProShares UltraPro Short QQQ
SRCE,1st Source Corporation
SRCL,"Stericycle, Inc."
SRDX,"SurModics, Inc."
SREV,"ServiceSource International, Inc."
SRNE,"Sorrento Therapeutics, Inc."
SRPT,"Sarepta Therapeutics, Inc."
SRSC,Sears Canada Inc.
SSB,South State Corporation
SSBI,Summit State Bank
SSFN,Stewardship Financial Corp
SSH,Sunshine Heart Inc
SSNC,"SS&C Technologies Holdings, Inc."
SSRG,Symmetry Surgical Inc.
SSRI,Silver Standard Resources Inc.
SSYS,"Stratasys, Ltd."
STAA,STAAR Surgical Company
STB,Student Transportation Inc
STBA,"S&T Bancorp, Inc."
STBZ,State Bank Financial Corporation.
STCK,"Stock Building Supply Holdings, Inc."
STEM,"StemCells, Inc."
STFC,State Auto Financial Corporation
STKL,"SunOpta, Inc."
STLD,"Steel Dynamics, Inc."
STLY,"Stanley Furniture Company, Inc."
STML,"Stemline Therapeutics, Inc."
STMP,Stamps.com Inc.
STNR,Steiner Leisure Limited
STPP,Barclays PLC
STRA,"Strayer Education, Inc."
STRL,Sterling Construction Company Inc
STRM,"Streamline Health Solutions, Inc."
STRN,Sutron Corporation
STRS,"Stratus Properties, Inc."
STRT,Strattec Security Corporation
STRZA,Starz
STRZB,Starz
STX,Seagate Technology.
STXS,"Stereotaxis, Inc."
SUBK,Suffolk Bancorp
SUMR,"Summer Infant, Inc."
SUNS,Solar Senior Capital Ltd.
SUPN,"Supernus Pharmaceuticals, Inc."
SURG,"Synergetics USA, Inc."
SUSQ,"Susquehanna Bancshares, Inc."
SUTR,Sutor Technology Group Limited
SVA,"Sinovac Biotech, Ltd."
SVBI,Severn Bancorp Inc
SVVC,"Firsthand Technology Value Fund, Inc."
SWHC,Smith & Wesson Holding Corporation
SWIR,"Sierra Wireless, Inc."
SWKS,"Skyworks Solutions, Inc."
SWSH,"Swisher Hygiene, Inc."
SYBT,"Stock Yards Bancorp, Inc."
SYKE,"Sykes Enterprises, Incorporated"
SYMC,Symantec Corporation
SYMX,"Synthesis Energy Systems, Inc."
SYNA,Synaptics Incorporated
SYNC,"Synacor, Inc."
SYNL,Synalloy Corporation
SYNT,"Syntel, Inc."
SYPR,"Sypris Solutions, Inc."
SYRX,Sysorex Global Holding Corp.
SYUT,"Synutra International, Inc."
SZMK,Sizmek Inc.
SZYM,"Solazyme, Inc."
TACT,TransAct Technologies Incorporated
TAIT,Taitron Components Incorporated
TAPR,Barclays PLC
TASR,"TASER International, Inc."
TAST,"Carrols Restaurant Group, Inc."
TATT,TAT Technologies Ltd.
TAX,"Liberty Tax, Inc."
TAXI,Medallion Financial Corp.
TAYD,"Taylor Devices, Inc."
TBBK,"The Bancorp, Inc."
TBIO,"Transgenomic, Inc."
TBK,"Triumph Bancorp, Inc."
TBNK,Territorial Bancorp Inc.
TBPH,"Theravance Biopharma, Inc."
TCBI,"Texas Capital Bancshares, Inc."
TCBIL,"Texas Capital Bancshares, Inc."
TCBIP,"Texas Capital Bancshares, Inc."
TCBIW,"Texas Capital Bancshares, Inc."
TCBK,TriCo Bancshares
TCCO,Technical Communications Corporation
TCFC,The Community Financial Corporation
TCPC,TCP Capital Corp.
TCRD,"THL Credit, Inc."
TCX,Tucows Inc.
TDIV,First Trust Exchange
TEAR,TearLab Corporation
TECD,Tech Data Corporation
TECH,Bio
TECU,Tecumseh Products Company
TEDU,"Tarena International, Inc."
TENX,"Tenax Therapeutics, Inc."
TERP,"TerraForm Power, Inc."
TESO,Tesco Corporation
TESS,TESSCO Technologies Incorporated
TFM,"The Fresh Market, Inc."
TFSC,1347 Capital Corp.
TFSCR,1347 Capital Corp.
TFSCU,1347 Capital Corp.
TFSCW,1347 Capital Corp.
TFSL,TFS Financial Corporation
TGA,Transglobe Energy Corp
TGE,"TGC Industries, Inc."
TGEN,Tecogen Inc.
TGLS,Tecnoglass Inc.
TGTX,"TG Therapeutics, Inc."
THFF,First Financial Corporation Indiana
THLD,"Threshold Pharmaceuticals, Inc."
THOR,Thoratec Corporation
THRM,Gentherm Inc
THRX,"Theravance, Inc."
THST,Truett
THTI,"THT Heat Transfer Technology, Inc."
TICC,TICC Capital Corp.
TIGR,TigerLogic Corporation
TILE,"Interface, Inc."
TINY,"Harris & Harris Group, Inc."
TIPT,Tiptree Financial Inc.
TISA,"Top Image Systems, Ltd."
TITN,Titan Machinery Inc.
TIVO,TiVo Inc.
TKAI,"Tokai Pharmaceuticals, Inc."
TKMR,Tekmira Pharmaceuticals Corp
TLF,"Tandy Leather Factory, Inc."
TLMR,"Talmer Bancorp, Inc."
TLOG,TetraLogic Pharmaceuticals Corporation
TNAV,"Telenav, Inc."
TNDM,"Tandem Diabetes Care, Inc."
TNGO,"Tangoe, Inc."
TNXP,Tonix Pharmaceuticals Holding Corp.
TOPS,TOP Ships Inc.
TORM,TOR Minerals International Inc
TOUR,Tuniu Corporation
TOWN,Towne Bank
TQQQ,ProShares UltraPro QQQ
TRAK,"Dealertrack Technologies, Inc."
TRCB,Two River Bancorp
TRCH,"Torchlight Energy Resources, Inc."
TREE,"LendingTree, Inc."
TRGT,"Targacept, Inc."
TRIB,Trinity Biotech plc
TRIL,Trillium Therapeutics Inc.
TRIP,"TripAdvisor, Inc."
TRIV,"TriVascular Technologies, Inc."
TRMB,Trimble Navigation Limited
TRMK,Trustmark Corporation
TRNS,"Transcat, Inc."
TRNX,Tornier N.V.
TROV,"TrovaGene, Inc."
TROVU,"TrovaGene, Inc."
TROVW,"TrovaGene, Inc."
TROW,"T. Rowe Price Group, Inc."
TRS,TriMas Corporation
TRST,TrustCo Bank Corp NY
TRTL,Terrapin 3 Acquisition Corporation
TRTLU,Terrapin 3 Acquisition Corporation
TRTLW,Terrapin 3 Acquisition Corporation
TRUE,"TrueCar, Inc."
TRVN,"Trevena, Inc."
TSBK,"Timberland Bancorp, Inc."
TSC,"TriState Capital Holdings, Inc."
TSCO,Tractor Supply Company
TSEM,Tower Semiconductor Ltd.
TSLA,"Tesla Motors, Inc."
TSRA,"Tessera Technologies, Inc."
TSRE,"Trade Street Residential, Inc."
TSRI,"TSR, Inc."
TSRO,"TESARO, Inc."
TST,"TheStreet, Inc."
TSYS,"TeleCommunication Systems, Inc."
TTEC,"TeleTech Holdings, Inc."
TTEK,"Tetra Tech, Inc."
TTGT,"TechTarget, Inc."
TTHI,"Transition Therapeutics, Inc."
TTMI,"TTM Technologies, Inc."
TTOO,"T2 Biosystems, Inc."
TTPH,"Tetraphase Pharmaceuticals, Inc."
TTS,"Tile Shop Hldgs, Inc."
TTWO,Take
TUBE,"TubeMogul, Inc."
TUES,Tuesday Morning Corp.
TUSA,First Trust Total US Market AlphaDEX ETF
TVIX,Credit Suisse AG
TVIZ,Credit Suisse AG
TWER,Towerstream Corporation
TWIN,"Twin Disc, Incorporated"
TWMC,Trans World Entertainment Corp.
TWOU,"2U, Inc."
TXN,Texas Instruments Incorporated
TXRH,"Texas Roadhouse, Inc."
TYPE,Monotype Imaging Holdings Inc.
TZOO,Travelzoo Inc.
UACL,"Universal Truckload Services, Inc."
UAE,iShares MSCI UAE Capped ETF
UBCP,"United Bancorp, Inc."
UBFO,United Security Bancshares
UBIC,"UBIC, Inc."
UBNK,"United Financial Bancorp, Inc."
UBNT,"Ubiquiti Networks, Inc."
UBOH,"United Bancshares, Inc."
UBSH,Union Bankshares Corporation
UBSI,"United Bankshares, Inc."
UCBA,United Community Bancorp
UCBI,"United Community Banks, Inc."
UCFC,United Community Financial Corp.
UCTT,"Ultra Clean Holdings, Inc."
UDF,United Development Funding IV
UEIC,Universal Electronics Inc.
UEPS,"Net 1 UEPS Technologies, Inc."
UFCS,"United Fire Group, Inc"
UFPI,"Universal Forest Products, Inc."
UFPT,"UFP Technologies, Inc."
UG,United
UGLD,Credit Suisse AG
UHAL,Amerco
UIHC,United Insurance Holdings Corp.
ULBI,Ultralife Corporation
ULTA,"Ulta Salon, Cosmetics & Fragrance, Inc."
ULTI,"The Ultimate Software Group, Inc."
ULTR,Ultrapetrol (Bahamas) Limited
UMBF,UMB Financial Corporation
UMPQ,Umpqua Holdings Corporation
UNAM,Unico American Corporation
UNB,"Union Bankshares, Inc."
UNFI,"United Natural Foods, Inc."
UNIS,Unilife Corporation
UNTD,"United Online, Inc."
UNTY,"Unity Bancorp, Inc."
UNXL,Uni
UPI,"Uroplasty, Inc."
UPIP,"Unwired Planet, Inc."
UPLD,"Upland Software, Inc."
URBN,"Urban Outfitters, Inc."
URRE,"Uranium Resources, Inc."
USAK,"USA Truck, Inc."
USAP,"Universal Stainless & Alloy Products, Inc."
USAT,"USA Technologies, Inc."
USATP,"USA Technologies, Inc."
USBI,"United Security Bancshares, Inc."
USCR,"U S Concrete, Inc."
USEG,U.S. Energy Corp.
USLM,"United States Lime & Minerals, Inc."
USLV,Credit Suisse AG
USMD,"USMD Holdings, Inc."
USTR,United Stationers Inc.
UTEK,"Ultratech, Inc."
UTHR,United Therapeutics Corporation
UTIW,UTi Worldwide Inc.
UTMD,"Utah Medical Products, Inc."
UTSI,UTStarcom Holdings Corp
UVSP,Univest Corporation of Pennsylvania
VA,Virgin America Inc.
VALU,"Value Line, Inc."
VALX,Validea Market Legends ETF
VASC,"Vascular Solutions, Inc."
VBFC,Village Bank and Trust Financial Corp.
VBIV,VBI Vaccines Inc.
VBLT,Vascular Biogenics Ltd.
VBND,Vident Core U.S. Bond Strategy Fund
VBTX,"Veritex Holdings, Inc."
VCEL,Vericel Corporation
VCIT,Vanguard Intermediate
VCLT,Vanguard Long
VCSH,Vanguard Short
VCYT,"Veracyte, Inc."
VDSI,"VASCO Data Security International, Inc."
VECO,Veeco Instruments Inc.
VGGL,Viggle Inc.
VGIT,Vanguard Intermediate
VGLT,Vanguard Long
VGSH,Vanguard Short
VIA,Viacom Inc.
VIAB,Viacom Inc.
VIAS,"Viasystems Group, Inc."
VICL,Vical Incorporated
VICR,Vicor Corporation
VIDE,Video Display Corporation
VIDI,Vident International Equity Fund
VIEW,"Viewtran Group, Inc."
VIIX,Credit Suisse AG
VIIZ,Credit Suisse AG
VIMC,Vimicro International Corporation
VIP,VimpelCom Ltd.
VIRC,Virco Manufacturing Corporation
VISN,"VisionChina Media, Inc."
VIVO,Meridian Bioscience Inc.
VLCCF,Knightsbridge Shipping Limited
VLGEA,"Village Super Market, Inc."
VLTC,Voltari Corporation
VLYWW,Valley National Bancorp
VMBS,Vanguard Mortgage
VNDA,Vanda Pharmaceuticals Inc.
VNET,"21Vianet Group, Inc."
VNOM,Viper Energy Partners LP
VNQI,Vanguard Global ex
VNR,Vanguard Natural Resources LLC
VNRAP,Vanguard Natural Resources LLC
VNRBP,Vanguard Natural Resources LLC
VNRCP,Vanguard Natural Resources LLC
VOD,Vodafone Group Plc
VOLC,Volcano Corporation
VONE,Vanguard Russell 1000 ETF
VONG,Vanguard Russell 1000 Growth ETF
VONV,Vanguard Russell 1000 Value ETF
VOXX,VOXX International Corporation
VPCO,Vapor Corp.
VRA,"Vera Bradley, Inc."
VRML,"Vermillion, Inc."
VRNG,"Vringo, Inc."
VRNGW,"Vringo, Inc."
VRNS,"Varonis Systems, Inc."
VRNT,Verint Systems Inc.
VRSK,"Verisk Analytics, Inc."
VRSN,"VeriSign, Inc."
VRTA,"Vestin Realty Mortgage I, Inc."
VRTB,"Vestin Realty Mortgage II, Inc."
VRTS,"Virtus Investment Partners, Inc."
VRTU,Virtusa Corporation
VRTX,Vertex Pharmaceuticals Incorporated
VSAR,"Versartis, Inc."
VSAT,"ViaSat, Inc."
VSCI,Vision
VSCP,"VirtualScopics, Inc."
VSEC,VSE Corporation
VSTM,"Verastem, Inc."
VTAE,"Vitae Pharmaceuticals, Inc."
VTHR,Vanguard Russell 3000 ETF
VTIP,Vanguard Short
VTL,"Vital Therapies, Inc."
VTNR,"Vertex Energy, Inc"
VTSS,Vitesse Semiconductor Corporation
VTWG,Vanguard Russell 2000 Growth ETF
VTWO,Vanguard Russell 2000 ETF
VTWV,Vanguard Russell 2000 Value ETF
VUSE,Vident Core US Equity ETF
VVUS,"VIVUS, Inc."
VWOB,Vanguard Emerging Markets Government Bond ETF
VWR,VWR Corporation
VXUS,Vanguard Total International Stock ETF
VYFC,Valley Financial Corporation
WABC,Westamerica Bancorporation
WAFD,"Washington Federal, Inc."
WAFDW,"Washington Federal, Inc."
WASH,"Washington Trust Bancorp, Inc."
WATT,Energous Corporation
WAVX,Wave Systems Corp.
WAYN,Wayne Savings Bancshares Inc.
WB,Weibo Corporation
WBA,"Walgreens Boots Alliance, Inc."
WBB,"Westbury Bancorp, Inc."
WBKC,"Wolverine Bancorp, Inc."
WBMD,WebMD Health Corp
WDC,Western Digital Corporation
WDFC,WD
WEBK,"Wellesley Bancorp, Inc."
WEN,Wendy's Company (The)
WERN,"Werner Enterprises, Inc."
WETF,"WisdomTree Investments, Inc."
WEYS,"Weyco Group, Inc."
WFBI,WashingtonFirst Bankshares Inc
WFD,"Westfield Financial, Inc."
WFM,"Whole Foods Market, Inc."
WGBS,WaferGen Bio
WHF,"WhiteHorse Finance, Inc."
WHFBL,"WhiteHorse Finance, Inc."
WHLM,"Wilhelmina International, Inc."
WHLR,"Wheeler Real Estate Investment Trust, Inc."
WHLRP,"Wheeler Real Estate Investment Trust, Inc."
WHLRW,"Wheeler Real Estate Investment Trust, Inc."
WIBC,"Wilshire Bancorp, Inc."
WIFI,"Boingo Wireless, Inc."
WILC,G. Willi
WILN,Wi
WIN,"Windstream Holdings, Inc."
WINA,Winmark Corporation
WIRE,Encore Wire Corporation
WIX,Wix.com Ltd.
WLB,Westmoreland Coal Company
WLBPZ,Westmoreland Coal Company
WLDN,"Willdan Group, Inc."
WLFC,Willis Lease Finance Corporation
WLRH,WL Ross Holding Corp.
WLRHU,WL Ross Holding Corp.
WLRHW,WL Ross Holding Corp.
WMAR,"West Marine, Inc."
WMGI,"Wright Medical Group, Inc."
WMGIZ,"Wright Medical Group, Inc."
WOOD,iShares S&P Global Timber & Forestry Index Fund
WOOF,VCA Inc.
WPCS,WPCS International Incorporated
WPPGY,WPP plc
WPRT,Westport Innovations Inc
WRES,"Warren Resources, Inc."
WRLD,World Acceptance Corporation
WSBC,"WesBanco, Inc."
WSBF,"Waterstone Financial, Inc."
WSCI,WSI Industries Inc.
WSFS,WSFS Financial Corporation
WSFSL,WSFS Financial Corporation
WSTC,West Corporation
WSTG,"Wayside Technology Group, Inc."
WSTL,"Westell Technologies, Inc."
WTBA,West Bancorporation
WTFC,Wintrust Financial Corporation
WTFCW,Wintrust Financial Corporation
WTSL,"The Wet Seal, Inc."
WVFC,WVS Financial Corp.
WVVI,"Willamette Valley Vineyards, Inc."
WWD,"Woodward, Inc."
WWWW,"Web.com Group, Inc."
WYNN,"Wynn Resorts, Limited"
XBKS,"Xenith Bankshares, Inc."
XCRA,Xcerra Corporation
XENE,Xenon Pharmaceuticals Inc.
XENT,"Intersect ENT, Inc."
XGTI,"XG Technology, Inc"
XGTIW,"XG Technology, Inc"
XIV,Credit Suisse AG
XLNX,"Xilinx, Inc."
XLRN,Acceleron Pharma Inc.
XNCR,"Xencor, Inc."
XNET,Xunlei Limited
XNPT,"XenoPort, Inc."
XOMA,XOMA Corporation
XONE,The ExOne Company
XOOM,Xoom Corporation
XPLR,Xplore Technologies Corp
XRAY,DENTSPLY International Inc.
XTLB,XTL Biopharmaceuticals Ltd.
XXIA,Ixia
YDIV,First Trust International Multi
YDLE,"Yodlee, Inc."
YHOO,Yahoo! Inc.
YNDX,Yandex N.V.
YOD,"You On Demand Holdings, Inc."
YORW,The York Water Company
YPRO,AdvisorShares YieldPro ETF
YRCW,"YRC Worldwide, Inc."
YY,YY Inc.
Z,"Zillow, Inc."
ZAGG,ZAGG Inc
ZAZA,ZaZa Energy Corporation
ZBRA,Zebra Technologies Corporation
ZEUS,"Olympic Steel, Inc."
ZFGN,"Zafgen, Inc."
ZGNX,"Zogenix, Inc."
ZHNE,"Zhone Technologies, Inc."
ZINC,Horsehead Holding Corp.
ZION,Zions Bancorporation
ZIONW,Zions Bancorporation
ZIONZ,Zions Bancorporation
ZIOP,ZIOPHARM Oncology Inc
ZIV,Credit Suisse AG
ZIXI,Zix Corporation
ZLTQ,"ZELTIQ Aesthetics, Inc."
ZN,Zion Oil & Gas Inc
ZNGA,Zynga Inc.
ZSPH,"ZS Pharma, Inc."
ZU,"zulily, inc."
ZUMZ,Zumiez Inc.
